stn_id,지점명,시도,연도,지표,일수
105,강릉,강원특별자치도,2016,열대야일수,13.0
105,강릉,강원특별자치도,2017,열대야일수,15.0
105,강릉,강원특별자치도,2018,열대야일수,25.0
105,강릉,강원특별자치도,2019,열대야일수,21.0
105,강릉,강원특별자치도,2020,열대야일수,16.0
105,강릉,강원특별자치도,2021,열대야일수,13.0
105,강릉,강원특별자치도,2022,열대야일수,28.0
105,강릉,강원특별자치도,2023,열대야일수,23.0
105,강릉,강원특별자치도,2024,열대야일수,37.0
105,강릉,강원특별자치도,2025,열대야일수,44.0
105,강릉,강원특별자치도,2026,열대야일수,20.0
105,강릉,강원특별자치도,2016,폭염일수,12.0
105,강릉,강원특별자치도,2017,폭염일수,12.0
105,강릉,강원특별자치도,2018,폭염일수,23.0
105,강릉,강원특별자치도,2019,폭염일수,20.0
105,강릉,강원특별자치도,2020,폭염일수,16.0
105,강릉,강원특별자치도,2021,폭염일수,11.0
105,강릉,강원특별자치도,2022,폭염일수,16.0
105,강릉,강원특별자치도,2023,폭염일수,21.0
105,강릉,강원특별자치도,2024,폭염일수,35.0
105,강릉,강원특별자치도,2025,폭염일수,43.0
105,강릉,강원특별자치도,2026,폭염일수,15.0
105,강릉,강원특별자치도,2016,한파일수,1.0
105,강릉,강원특별자치도,2017,한파일수,0.0
105,강릉,강원특별자치도,2018,한파일수,3.0
105,강릉,강원특별자치도,2019,한파일수,0.0
105,강릉,강원특별자치도,2020,한파일수,0.0
105,강릉,강원특별자치도,2021,한파일수,4.0
105,강릉,강원특별자치도,2022,한파일수,0.0
105,강릉,강원특별자치도,2023,한파일수,1.0
105,강릉,강원특별자치도,2024,한파일수,0.0
105,강릉,강원특별자치도,2025,한파일수,0.0
105,강릉,강원특별자치도,2026,한파일수,0.0
100,대관령,강원특별자치도,2016,열대야일수,0.0
100,대관령,강원특별자치도,2017,열대야일수,0.0
100,대관령,강원특별자치도,2018,열대야일수,0.0
100,대관령,강원특별자치도,2019,열대야일수,0.0
100,대관령,강원특별자치도,2020,열대야일수,0.0
100,대관령,강원특별자치도,2021,열대야일수,0.0
100,대관령,강원특별자치도,2022,열대야일수,0.0
100,대관령,강원특별자치도,2023,열대야일수,0.0
100,대관령,강원특별자치도,2024,열대야일수,0.0
100,대관령,강원특별자치도,2025,열대야일수,0.0
100,대관령,강원특별자치도,2026,열대야일수,0.0
100,대관령,강원특별자치도,2016,폭염일수,0.0
100,대관령,강원특별자치도,2017,폭염일수,0.0
100,대관령,강원특별자치도,2018,폭염일수,0.0
100,대관령,강원특별자치도,2019,폭염일수,0.0
100,대관령,강원특별자치도,2020,폭염일수,0.0
100,대관령,강원특별자치도,2021,폭염일수,0.0
100,대관령,강원특별자치도,2022,폭염일수,0.0
100,대관령,강원특별자치도,2023,폭염일수,0.0
100,대관령,강원특별자치도,2024,폭염일수,0.0
100,대관령,강원특별자치도,2025,폭염일수,2.0
100,대관령,강원특별자치도,2026,폭염일수,0.0
100,대관령,강원특별자치도,2016,한파일수,26.0
100,대관령,강원특별자치도,2017,한파일수,39.0
100,대관령,강원특별자치도,2018,한파일수,45.0
100,대관령,강원특별자치도,2019,한파일수,24.0
100,대관령,강원특별자치도,2020,한파일수,24.0
100,대관령,강원특별자치도,2021,한파일수,26.0
100,대관령,강원특별자치도,2022,한파일수,53.0
100,대관령,강원특별자치도,2023,한파일수,30.0
100,대관령,강원특별자치도,2024,한파일수,29.0
100,대관령,강원특별자치도,2025,한파일수,35.0
100,대관령,강원특별자치도,2026,한파일수,25.0
106,동해,강원특별자치도,2016,열대야일수,10.0
106,동해,강원특별자치도,2017,열대야일수,5.0
106,동해,강원특별자치도,2018,열대야일수,12.0
106,동해,강원특별자치도,2019,열대야일수,3.0
106,동해,강원특별자치도,2020,열대야일수,0.0
106,동해,강원특별자치도,2021,열대야일수,0.0
106,동해,강원특별자치도,2022,열대야일수,7.0
106,동해,강원특별자치도,2023,열대야일수,7.0
106,동해,강원특별자치도,2024,열대야일수,24.0
106,동해,강원특별자치도,2025,열대야일수,24.0
106,동해,강원특별자치도,2026,열대야일수,10.0
106,동해,강원특별자치도,2016,폭염일수,4.0
106,동해,강원특별자치도,2017,폭염일수,4.0
106,동해,강원특별자치도,2018,폭염일수,4.0
106,동해,강원특별자치도,2019,폭염일수,3.0
106,동해,강원특별자치도,2020,폭염일수,0.0
106,동해,강원특별자치도,2021,폭염일수,0.0
106,동해,강원특별자치도,2022,폭염일수,5.0
106,동해,강원특별자치도,2023,폭염일수,8.0
106,동해,강원특별자치도,2024,폭염일수,17.0
106,동해,강원특별자치도,2025,폭염일수,21.0
106,동해,강원특별자치도,2026,폭염일수,12.0
106,동해,강원특별자치도,2016,한파일수,1.0
106,동해,강원특별자치도,2017,한파일수,0.0
106,동해,강원특별자치도,2018,한파일수,3.0
106,동해,강원특별자치도,2019,한파일수,0.0
106,동해,강원특별자치도,2020,한파일수,0.0
106,동해,강원특별자치도,2021,한파일수,2.0
106,동해,강원특별자치도,2022,한파일수,0.0
106,동해,강원특별자치도,2023,한파일수,1.0
106,동해,강원특별자치도,2024,한파일수,0.0
106,동해,강원특별자치도,2025,한파일수,0.0
106,동해,강원특별자치도,2026,한파일수,0.0
104,북강릉,강원특별자치도,2016,열대야일수,5.0
104,북강릉,강원특별자치도,2017,열대야일수,3.0
104,북강릉,강원특별자치도,2018,열대야일수,11.0
104,북강릉,강원특별자치도,2019,열대야일수,5.0
104,북강릉,강원특별자치도,2020,열대야일수,3.0
104,북강릉,강원특별자치도,2021,열대야일수,0.0
104,북강릉,강원특별자치도,2022,열대야일수,8.0
104,북강릉,강원특별자치도,2023,열대야일수,8.0
104,북강릉,강원특별자치도,2024,열대야일수,18.0
104,북강릉,강원특별자치도,2025,열대야일수,24.0
104,북강릉,강원특별자치도,2026,열대야일수,11.0
104,북강릉,강원특별자치도,2016,폭염일수,5.0
104,북강릉,강원특별자치도,2017,폭염일수,8.0
104,북강릉,강원특별자치도,2018,폭염일수,11.0
104,북강릉,강원특별자치도,2019,폭염일수,7.0
104,북강릉,강원특별자치도,2020,폭염일수,7.0
104,북강릉,강원특별자치도,2021,폭염일수,1.0
104,북강릉,강원특별자치도,2022,폭염일수,6.0
104,북강릉,강원특별자치도,2023,폭염일수,8.0
104,북강릉,강원특별자치도,2024,폭염일수,14.0
104,북강릉,강원특별자치도,2025,폭염일수,34.0
104,북강릉,강원특별자치도,2026,폭염일수,11.0
93,북춘천,강원특별자치도,2016,열대야일수,
93,북춘천,강원특별자치도,2017,열대야일수,5.0
93,북춘천,강원특별자치도,2018,열대야일수,8.0
93,북춘천,강원특별자치도,2019,열대야일수,5.0
93,북춘천,강원특별자치도,2020,열대야일수,1.0
93,북춘천,강원특별자치도,2021,열대야일수,0.0
93,북춘천,강원특별자치도,2022,열대야일수,4.0
93,북춘천,강원특별자치도,2023,열대야일수,5.0
93,북춘천,강원특별자치도,2024,열대야일수,14.0
93,북춘천,강원특별자치도,2025,열대야일수,5.0
93,북춘천,강원특별자치도,2026,열대야일수,4.0
93,북춘천,강원특별자치도,2016,폭염일수,0.0
93,북춘천,강원특별자치도,2017,폭염일수,18.0
93,북춘천,강원특별자치도,2018,폭염일수,36.0
93,북춘천,강원특별자치도,2019,폭염일수,18.0
93,북춘천,강원특별자치도,2020,폭염일수,7.0
93,북춘천,강원특별자치도,2021,폭염일수,21.0
93,북춘천,강원특별자치도,2022,폭염일수,12.0
93,북춘천,강원특별자치도,2023,폭염일수,24.0
93,북춘천,강원특별자치도,2024,폭염일수,32.0
93,북춘천,강원특별자치도,2025,폭염일수,30.0
93,북춘천,강원특별자치도,2026,폭염일수,14.0
93,북춘천,강원특별자치도,2016,한파일수,
93,북춘천,강원특별자치도,2017,한파일수,26.0
93,북춘천,강원특별자치도,2018,한파일수,35.0
93,북춘천,강원특별자치도,2019,한파일수,13.0
93,북춘천,강원특별자치도,2020,한파일수,10.0
93,북춘천,강원특별자치도,2021,한파일수,24.0
93,북춘천,강원특별자치도,2022,한파일수,44.0
93,북춘천,강원특별자치도,2023,한파일수,18.0
93,북춘천,강원특별자치도,2024,한파일수,13.0
93,북춘천,강원특별자치도,2025,한파일수,22.0
93,북춘천,강원특별자치도,2026,한파일수,26.0
90,속초,강원특별자치도,2016,열대야일수,7.0
90,속초,강원특별자치도,2017,열대야일수,6.0
90,속초,강원특별자치도,2018,열대야일수,13.0
90,속초,강원특별자치도,2019,열대야일수,14.0
90,속초,강원특별자치도,2020,열대야일수,7.0
90,속초,강원특별자치도,2021,열대야일수,5.0
90,속초,강원특별자치도,2022,열대야일수,7.0
90,속초,강원특별자치도,2023,열대야일수,11.0
90,속초,강원특별자치도,2024,열대야일수,25.0
90,속초,강원특별자치도,2025,열대야일수,27.0
90,속초,강원특별자치도,2026,열대야일수,12.0
90,속초,강원특별자치도,2016,폭염일수,4.0
90,속초,강원특별자치도,2017,폭염일수,7.0
90,속초,강원특별자치도,2018,폭염일수,15.0
90,속초,강원특별자치도,2019,폭염일수,10.0
90,속초,강원특별자치도,2020,폭염일수,8.0
90,속초,강원특별자치도,2021,폭염일수,4.0
90,속초,강원특별자치도,2022,폭염일수,6.0
90,속초,강원특별자치도,2023,폭염일수,13.0
90,속초,강원특별자치도,2024,폭염일수,16.0
90,속초,강원특별자치도,2025,폭염일수,14.0
90,속초,강원특별자치도,2026,폭염일수,9.0
90,속초,강원특별자치도,2016,한파일수,3.0
90,속초,강원특별자치도,2017,한파일수,0.0
90,속초,강원특별자치도,2018,한파일수,5.0
90,속초,강원특별자치도,2019,한파일수,0.0
90,속초,강원특별자치도,2020,한파일수,0.0
90,속초,강원특별자치도,2021,한파일수,6.0
90,속초,강원특별자치도,2022,한파일수,1.0
90,속초,강원특별자치도,2023,한파일수,4.0
90,속초,강원특별자치도,2024,한파일수,2.0
90,속초,강원특별자치도,2025,한파일수,0.0
90,속초,강원특별자치도,2026,한파일수,0.0
121,영월,강원특별자치도,2016,열대야일수,0.0
121,영월,강원특별자치도,2017,열대야일수,1.0
121,영월,강원특별자치도,2018,열대야일수,4.0
121,영월,강원특별자치도,2019,열대야일수,1.0
121,영월,강원특별자치도,2020,열대야일수,0.0
121,영월,강원특별자치도,2021,열대야일수,0.0
121,영월,강원특별자치도,2022,열대야일수,1.0
121,영월,강원특별자치도,2023,열대야일수,0.0
121,영월,강원특별자치도,2024,열대야일수,2.0
121,영월,강원특별자치도,2025,열대야일수,0.0
121,영월,강원특별자치도,2026,열대야일수,0.0
121,영월,강원특별자치도,2016,폭염일수,23.0
121,영월,강원특별자치도,2017,폭염일수,9.0
121,영월,강원특별자치도,2018,폭염일수,36.0
121,영월,강원특별자치도,2019,폭염일수,14.0
121,영월,강원특별자치도,2020,폭염일수,9.0
121,영월,강원특별자치도,2021,폭염일수,19.0
121,영월,강원특별자치도,2022,폭염일수,14.0
121,영월,강원특별자치도,2023,폭염일수,22.0
121,영월,강원특별자치도,2024,폭염일수,30.0
121,영월,강원특별자치도,2025,폭염일수,36.0
121,영월,강원특별자치도,2026,폭염일수,23.0
121,영월,강원특별자치도,2016,한파일수,10.0
121,영월,강원특별자치도,2017,한파일수,13.0
121,영월,강원특별자치도,2018,한파일수,20.0
121,영월,강원특별자치도,2019,한파일수,5.0
121,영월,강원특별자치도,2020,한파일수,8.0
121,영월,강원특별자치도,2021,한파일수,13.0
121,영월,강원특별자치도,2022,한파일수,19.0
121,영월,강원특별자치도,2023,한파일수,11.0
121,영월,강원특별자치도,2024,한파일수,4.0
121,영월,강원특별자치도,2025,한파일수,14.0
121,영월,강원특별자치도,2026,한파일수,19.0
114,원주,강원특별자치도,2016,열대야일수,13.0
114,원주,강원특별자치도,2017,열대야일수,6.0
114,원주,강원특별자치도,2018,열대야일수,19.0
114,원주,강원특별자치도,2019,열대야일수,8.0
114,원주,강원특별자치도,2020,열대야일수,3.0
114,원주,강원특별자치도,2021,열대야일수,3.0
114,원주,강원특별자치도,2022,열대야일수,12.0
114,원주,강원특별자치도,2023,열대야일수,7.0
114,원주,강원특별자치도,2024,열대야일수,28.0
114,원주,강원특별자치도,2025,열대야일수,19.0
114,원주,강원특별자치도,2026,열대야일수,14.0
114,원주,강원특별자치도,2016,폭염일수,23.0
114,원주,강원특별자치도,2017,폭염일수,5.0
114,원주,강원특별자치도,2018,폭염일수,29.0
114,원주,강원특별자치도,2019,폭염일수,14.0
114,원주,강원특별자치도,2020,폭염일수,6.0
114,원주,강원특별자치도,2021,폭염일수,16.0
114,원주,강원특별자치도,2022,폭염일수,8.0
114,원주,강원특별자치도,2023,폭염일수,16.0
114,원주,강원특별자치도,2024,폭염일수,30.0
114,원주,강원특별자치도,2025,폭염일수,31.0
114,원주,강원특별자치도,2026,폭염일수,20.0
114,원주,강원특별자치도,2016,한파일수,5.0
114,원주,강원특별자치도,2017,한파일수,9.0
114,원주,강원특별자치도,2018,한파일수,15.0
114,원주,강원특별자치도,2019,한파일수,0.0
114,원주,강원특별자치도,2020,한파일수,3.0
114,원주,강원특별자치도,2021,한파일수,11.0
114,원주,강원특별자치도,2022,한파일수,9.0
114,원주,강원특별자치도,2023,한파일수,5.0
114,원주,강원특별자치도,2024,한파일수,1.0
114,원주,강원특별자치도,2025,한파일수,5.0
114,원주,강원특별자치도,2026,한파일수,10.0
211,인제,강원특별자치도,2016,폭염일수,17.0
211,인제,강원특별자치도,2017,폭염일수,7.0
211,인제,강원특별자치도,2018,폭염일수,23.0
211,인제,강원특별자치도,2019,폭염일수,8.0
211,인제,강원특별자치도,2020,폭염일수,7.0
211,인제,강원특별자치도,2021,폭염일수,18.0
211,인제,강원특별자치도,2022,폭염일수,8.0
211,인제,강원특별자치도,2023,폭염일수,19.0
211,인제,강원특별자치도,2024,폭염일수,23.0
211,인제,강원특별자치도,2025,폭염일수,12.0
211,인제,강원특별자치도,2026,폭염일수,6.0
211,인제,강원특별자치도,2016,한파일수,14.0
211,인제,강원특별자치도,2017,한파일수,22.0
211,인제,강원특별자치도,2018,한파일수,32.0
211,인제,강원특별자치도,2019,한파일수,12.0
211,인제,강원특별자치도,2020,한파일수,9.0
211,인제,강원특별자치도,2021,한파일수,19.0
211,인제,강원특별자치도,2022,한파일수,31.0
211,인제,강원특별자치도,2023,한파일수,21.0
211,인제,강원특별자치도,2024,한파일수,9.0
211,인제,강원특별자치도,2025,한파일수,18.0
211,인제,강원특별자치도,2026,한파일수,21.0
217,정선군,강원특별자치도,2016,열대야일수,0.0
217,정선군,강원특별자치도,2017,열대야일수,0.0
217,정선군,강원특별자치도,2018,열대야일수,0.0
217,정선군,강원특별자치도,2019,열대야일수,0.0
217,정선군,강원특별자치도,2020,열대야일수,0.0
217,정선군,강원특별자치도,2021,열대야일수,0.0
217,정선군,강원특별자치도,2022,열대야일수,1.0
217,정선군,강원특별자치도,2023,열대야일수,0.0
217,정선군,강원특별자치도,2024,열대야일수,3.0
217,정선군,강원특별자치도,2025,열대야일수,1.0
217,정선군,강원특별자치도,2026,열대야일수,1.0
217,정선군,강원특별자치도,2016,폭염일수,24.0
217,정선군,강원특별자치도,2017,폭염일수,12.0
217,정선군,강원특별자치도,2018,폭염일수,30.0
217,정선군,강원특별자치도,2019,폭염일수,11.0
217,정선군,강원특별자치도,2020,폭염일수,11.0
217,정선군,강원특별자치도,2021,폭염일수,20.0
217,정선군,강원특별자치도,2022,폭염일수,16.0
217,정선군,강원특별자치도,2023,폭염일수,30.0
217,정선군,강원특별자치도,2024,폭염일수,44.0
217,정선군,강원특별자치도,2025,폭염일수,48.0
217,정선군,강원특별자치도,2026,폭염일수,25.0
217,정선군,강원특별자치도,2016,한파일수,11.0
217,정선군,강원특별자치도,2017,한파일수,15.0
217,정선군,강원특별자치도,2018,한파일수,25.0
217,정선군,강원특별자치도,2019,한파일수,9.0
217,정선군,강원특별자치도,2020,한파일수,8.0
217,정선군,강원특별자치도,2021,한파일수,16.0
217,정선군,강원특별자치도,2022,한파일수,28.0
217,정선군,강원특별자치도,2023,한파일수,19.0
217,정선군,강원특별자치도,2024,한파일수,10.0
217,정선군,강원특별자치도,2025,한파일수,21.0
217,정선군,강원특별자치도,2026,한파일수,17.0
95,철원,강원특별자치도,2016,열대야일수,2.0
95,철원,강원특별자치도,2017,열대야일수,2.0
95,철원,강원특별자치도,2018,열대야일수,8.0
95,철원,강원특별자치도,2019,열대야일수,0.0
95,철원,강원특별자치도,2020,열대야일수,2.0
95,철원,강원특별자치도,2021,열대야일수,0.0
95,철원,강원특별자치도,2022,열대야일수,4.0
95,철원,강원특별자치도,2023,열대야일수,0.0
95,철원,강원특별자치도,2024,열대야일수,9.0
95,철원,강원특별자치도,2025,열대야일수,3.0
95,철원,강원특별자치도,2026,열대야일수,5.0
95,철원,강원특별자치도,2016,폭염일수,15.0
95,철원,강원특별자치도,2017,폭염일수,4.0
95,철원,강원특별자치도,2018,폭염일수,24.0
95,철원,강원특별자치도,2019,폭염일수,11.0
95,철원,강원특별자치도,2020,폭염일수,3.0
95,철원,강원특별자치도,2021,폭염일수,14.0
95,철원,강원특별자치도,2022,폭염일수,2.0
95,철원,강원특별자치도,2023,폭염일수,9.0
95,철원,강원특별자치도,2024,폭염일수,19.0
95,철원,강원특별자치도,2025,폭염일수,14.0
95,철원,강원특별자치도,2026,폭염일수,7.0
95,철원,강원특별자치도,2016,한파일수,29.0
95,철원,강원특별자치도,2017,한파일수,28.0
95,철원,강원특별자치도,2018,한파일수,39.0
95,철원,강원특별자치도,2019,한파일수,28.0
95,철원,강원특별자치도,2020,한파일수,12.0
95,철원,강원특별자치도,2021,한파일수,29.0
95,철원,강원특별자치도,2022,한파일수,49.0
95,철원,강원특별자치도,2023,한파일수,23.0
95,철원,강원특별자치도,2024,한파일수,15.0
95,철원,강원특별자치도,2025,한파일수,31.0
95,철원,강원특별자치도,2026,한파일수,25.0
101,춘천,강원특별자치도,2016,열대야일수,11.0
101,춘천,강원특별자치도,2017,열대야일수,8.0
101,춘천,강원특별자치도,2018,열대야일수,19.0
101,춘천,강원특별자치도,2019,열대야일수,12.0
101,춘천,강원특별자치도,2020,열대야일수,7.0
101,춘천,강원특별자치도,2021,열대야일수,8.0
101,춘천,강원특별자치도,2022,열대야일수,15.0
101,춘천,강원특별자치도,2023,열대야일수,2.0
101,춘천,강원특별자치도,2024,열대야일수,20.0
101,춘천,강원특별자치도,2025,열대야일수,5.0
101,춘천,강원특별자치도,2026,열대야일수,5.0
101,춘천,강원특별자치도,2016,폭염일수,24.0
101,춘천,강원특별자치도,2017,폭염일수,14.0
101,춘천,강원특별자치도,2018,폭염일수,35.0
101,춘천,강원특별자치도,2019,폭염일수,16.0
101,춘천,강원특별자치도,2020,폭염일수,10.0
101,춘천,강원특별자치도,2021,폭염일수,22.0
101,춘천,강원특별자치도,2022,폭염일수,13.0
101,춘천,강원특별자치도,2023,폭염일수,22.0
101,춘천,강원특별자치도,2024,폭염일수,25.0
101,춘천,강원특별자치도,2025,폭염일수,32.0
101,춘천,강원특별자치도,2026,폭염일수,19.0
101,춘천,강원특별자치도,2016,한파일수,14.0
101,춘천,강원특별자치도,2017,한파일수,20.0
101,춘천,강원특별자치도,2018,한파일수,27.0
101,춘천,강원특별자치도,2019,한파일수,11.0
101,춘천,강원특별자치도,2020,한파일수,9.0
101,춘천,강원특별자치도,2021,한파일수,19.0
101,춘천,강원특별자치도,2022,한파일수,31.0
101,춘천,강원특별자치도,2023,한파일수,16.0
101,춘천,강원특별자치도,2024,한파일수,5.0
101,춘천,강원특별자치도,2025,한파일수,15.0
101,춘천,강원특별자치도,2026,한파일수,22.0
216,태백,강원특별자치도,2016,열대야일수,0.0
216,태백,강원특별자치도,2017,열대야일수,0.0
216,태백,강원특별자치도,2018,열대야일수,0.0
216,태백,강원특별자치도,2019,열대야일수,0.0
216,태백,강원특별자치도,2020,열대야일수,0.0
216,태백,강원특별자치도,2021,열대야일수,0.0
216,태백,강원특별자치도,2022,열대야일수,0.0
216,태백,강원특별자치도,2023,열대야일수,0.0
216,태백,강원특별자치도,2024,열대야일수,0.0
216,태백,강원특별자치도,2025,열대야일수,0.0
216,태백,강원특별자치도,2026,열대야일수,0.0
216,태백,강원특별자치도,2016,폭염일수,3.0
216,태백,강원특별자치도,2017,폭염일수,1.0
216,태백,강원특별자치도,2018,폭염일수,16.0
216,태백,강원특별자치도,2019,폭염일수,1.0
216,태백,강원특별자치도,2020,폭염일수,1.0
216,태백,강원특별자치도,2021,폭염일수,0.0
216,태백,강원특별자치도,2022,폭염일수,2.0
216,태백,강원특별자치도,2023,폭염일수,2.0
216,태백,강원특별자치도,2024,폭염일수,6.0
216,태백,강원특별자치도,2025,폭염일수,14.0
216,태백,강원특별자치도,2026,폭염일수,2.0
216,태백,강원특별자치도,2016,한파일수,15.0
216,태백,강원특별자치도,2017,한파일수,18.0
216,태백,강원특별자치도,2018,한파일수,32.0
216,태백,강원특별자치도,2019,한파일수,5.0
216,태백,강원특별자치도,2020,한파일수,6.0
216,태백,강원특별자치도,2021,한파일수,16.0
216,태백,강원특별자치도,2022,한파일수,30.0
216,태백,강원특별자치도,2023,한파일수,13.0
216,태백,강원특별자치도,2024,한파일수,9.0
216,태백,강원특별자치도,2025,한파일수,17.0
216,태백,강원특별자치도,2026,한파일수,16.0
212,홍천,강원특별자치도,2016,열대야일수,4.0
212,홍천,강원특별자치도,2017,열대야일수,5.0
212,홍천,강원특별자치도,2018,열대야일수,11.0
212,홍천,강원특별자치도,2019,열대야일수,7.0
212,홍천,강원특별자치도,2020,열대야일수,1.0
212,홍천,강원특별자치도,2021,열대야일수,0.0
212,홍천,강원특별자치도,2022,열대야일수,3.0
212,홍천,강원특별자치도,2023,열대야일수,0.0
212,홍천,강원특별자치도,2024,열대야일수,9.0
212,홍천,강원특별자치도,2025,열대야일수,1.0
212,홍천,강원특별자치도,2026,열대야일수,4.0
212,홍천,강원특별자치도,2016,폭염일수,35.0
212,홍천,강원특별자치도,2017,폭염일수,19.0
212,홍천,강원특별자치도,2018,폭염일수,40.0
212,홍천,강원특별자치도,2019,폭염일수,20.0
212,홍천,강원특별자치도,2020,폭염일수,7.0
212,홍천,강원특별자치도,2021,폭염일수,19.0
212,홍천,강원특별자치도,2022,폭염일수,10.0
212,홍천,강원특별자치도,2023,폭염일수,24.0
212,홍천,강원특별자치도,2024,폭염일수,26.0
212,홍천,강원특별자치도,2025,폭염일수,27.0
212,홍천,강원특별자치도,2026,폭염일수,17.0
212,홍천,강원특별자치도,2016,한파일수,15.0
212,홍천,강원특별자치도,2017,한파일수,23.0
212,홍천,강원특별자치도,2018,한파일수,34.0
212,홍천,강원특별자치도,2019,한파일수,12.0
212,홍천,강원특별자치도,2020,한파일수,9.0
212,홍천,강원특별자치도,2021,한파일수,19.0
212,홍천,강원특별자치도,2022,한파일수,33.0
212,홍천,강원특별자치도,2023,한파일수,17.0
212,홍천,강원특별자치도,2024,한파일수,7.0
212,홍천,강원특별자치도,2025,한파일수,14.0
212,홍천,강원특별자치도,2026,한파일수,19.0
98,동두천,경기도,2016,열대야일수,9.0
98,동두천,경기도,2017,열대야일수,5.0
98,동두천,경기도,2018,열대야일수,16.0
98,동두천,경기도,2019,열대야일수,2.0
98,동두천,경기도,2020,열대야일수,3.0
98,동두천,경기도,2021,열대야일수,1.0
98,동두천,경기도,2022,열대야일수,4.0
98,동두천,경기도,2023,열대야일수,1.0
98,동두천,경기도,2024,열대야일수,20.0
98,동두천,경기도,2025,열대야일수,7.0
98,동두천,경기도,2026,열대야일수,10.0
98,동두천,경기도,2016,폭염일수,28.0
98,동두천,경기도,2017,폭염일수,18.0
98,동두천,경기도,2018,폭염일수,33.0
98,동두천,경기도,2019,폭염일수,12.0
98,동두천,경기도,2020,폭염일수,4.0
98,동두천,경기도,2021,폭염일수,12.0
98,동두천,경기도,2022,폭염일수,5.0
98,동두천,경기도,2023,폭염일수,12.0
98,동두천,경기도,2024,폭염일수,18.0
98,동두천,경기도,2025,폭염일수,16.0
98,동두천,경기도,2026,폭염일수,10.0
98,동두천,경기도,2016,한파일수,12.0
98,동두천,경기도,2017,한파일수,14.0
98,동두천,경기도,2018,한파일수,26.0
98,동두천,경기도,2019,한파일수,7.0
98,동두천,경기도,2020,한파일수,9.0
98,동두천,경기도,2021,한파일수,21.0
98,동두천,경기도,2022,한파일수,25.0
98,동두천,경기도,2023,한파일수,12.0
98,동두천,경기도,2024,한파일수,4.0
98,동두천,경기도,2025,한파일수,12.0
98,동두천,경기도,2026,한파일수,17.0
119,수원,경기도,2016,열대야일수,26.0
119,수원,경기도,2017,열대야일수,12.0
119,수원,경기도,2018,열대야일수,27.0
119,수원,경기도,2019,열대야일수,14.0
119,수원,경기도,2020,열대야일수,9.0
119,수원,경기도,2021,열대야일수,15.0
119,수원,경기도,2022,열대야일수,18.0
119,수원,경기도,2023,열대야일수,9.0
119,수원,경기도,2024,열대야일수,32.0
119,수원,경기도,2025,열대야일수,25.0
119,수원,경기도,2026,열대야일수,16.0
119,수원,경기도,2016,폭염일수,30.0
119,수원,경기도,2017,폭염일수,13.0
119,수원,경기도,2018,폭염일수,38.0
119,수원,경기도,2019,폭염일수,16.0
119,수원,경기도,2020,폭염일수,5.0
119,수원,경기도,2021,폭염일수,19.0
119,수원,경기도,2022,폭염일수,10.0
119,수원,경기도,2023,폭염일수,15.0
119,수원,경기도,2024,폭염일수,29.0
119,수원,경기도,2025,폭염일수,17.0
119,수원,경기도,2026,폭염일수,10.0
119,수원,경기도,2016,한파일수,4.0
119,수원,경기도,2017,한파일수,2.0
119,수원,경기도,2018,한파일수,11.0
119,수원,경기도,2019,한파일수,0.0
119,수원,경기도,2020,한파일수,1.0
119,수원,경기도,2021,한파일수,9.0
119,수원,경기도,2022,한파일수,6.0
119,수원,경기도,2023,한파일수,6.0
119,수원,경기도,2024,한파일수,1.0
119,수원,경기도,2025,한파일수,4.0
119,수원,경기도,2026,한파일수,3.0
202,양평,경기도,2016,폭염일수,27.0
202,양평,경기도,2017,폭염일수,11.0
202,양평,경기도,2018,폭염일수,39.0
202,양평,경기도,2019,폭염일수,17.0
202,양평,경기도,2020,폭염일수,4.0
202,양평,경기도,2021,폭염일수,14.0
202,양평,경기도,2022,폭염일수,6.0
202,양평,경기도,2023,폭염일수,18.0
202,양평,경기도,2024,폭염일수,22.0
202,양평,경기도,2025,폭염일수,22.0
202,양평,경기도,2026,폭염일수,12.0
202,양평,경기도,2016,한파일수,11.0
202,양평,경기도,2017,한파일수,15.0
202,양평,경기도,2018,한파일수,20.0
202,양평,경기도,2019,한파일수,4.0
202,양평,경기도,2020,한파일수,4.0
202,양평,경기도,2021,한파일수,12.0
202,양평,경기도,2022,한파일수,13.0
202,양평,경기도,2023,한파일수,9.0
202,양평,경기도,2024,한파일수,1.0
202,양평,경기도,2025,한파일수,5.0
202,양평,경기도,2026,한파일수,5.0
203,이천,경기도,2016,열대야일수,4.0
203,이천,경기도,2017,열대야일수,5.0
203,이천,경기도,2018,열대야일수,10.0
203,이천,경기도,2019,열대야일수,2.0
203,이천,경기도,2020,열대야일수,1.0
203,이천,경기도,2021,열대야일수,1.0
203,이천,경기도,2022,열대야일수,10.0
203,이천,경기도,2023,열대야일수,2.0
203,이천,경기도,2024,열대야일수,18.0
203,이천,경기도,2025,열대야일수,8.0
203,이천,경기도,2026,열대야일수,12.0
203,이천,경기도,2016,폭염일수,29.0
203,이천,경기도,2017,폭염일수,12.0
203,이천,경기도,2018,폭염일수,37.0
203,이천,경기도,2019,폭염일수,20.0
203,이천,경기도,2020,폭염일수,6.0
203,이천,경기도,2021,폭염일수,22.0
203,이천,경기도,2022,폭염일수,10.0
203,이천,경기도,2023,폭염일수,22.0
203,이천,경기도,2024,폭염일수,33.0
203,이천,경기도,2025,폭염일수,30.0
203,이천,경기도,2026,폭염일수,20.0
203,이천,경기도,2016,한파일수,10.0
203,이천,경기도,2017,한파일수,16.0
203,이천,경기도,2018,한파일수,23.0
203,이천,경기도,2019,한파일수,9.0
203,이천,경기도,2020,한파일수,6.0
203,이천,경기도,2021,한파일수,14.0
203,이천,경기도,2022,한파일수,17.0
203,이천,경기도,2023,한파일수,10.0
203,이천,경기도,2024,한파일수,2.0
203,이천,경기도,2025,한파일수,7.0
203,이천,경기도,2026,한파일수,9.0
99,파주,경기도,2016,열대야일수,2.0
99,파주,경기도,2017,열대야일수,3.0
99,파주,경기도,2018,열대야일수,8.0
99,파주,경기도,2019,열대야일수,0.0
99,파주,경기도,2020,열대야일수,2.0
99,파주,경기도,2021,열대야일수,0.0
99,파주,경기도,2022,열대야일수,6.0
99,파주,경기도,2023,열대야일수,0.0
99,파주,경기도,2024,열대야일수,13.0
99,파주,경기도,2025,열대야일수,6.0
99,파주,경기도,2026,열대야일수,6.0
99,파주,경기도,2016,한파일수,20.0
99,파주,경기도,2017,한파일수,24.0
99,파주,경기도,2018,한파일수,38.0
99,파주,경기도,2019,한파일수,19.0
99,파주,경기도,2020,한파일수,11.0
99,파주,경기도,2021,한파일수,23.0
99,파주,경기도,2022,한파일수,44.0
99,파주,경기도,2023,한파일수,16.0
99,파주,경기도,2024,한파일수,12.0
99,파주,경기도,2025,한파일수,23.0
99,파주,경기도,2026,한파일수,23.0
294,거제,경상남도,2016,열대야일수,22.0
294,거제,경상남도,2017,열대야일수,28.0
294,거제,경상남도,2018,열대야일수,33.0
294,거제,경상남도,2019,열대야일수,21.0
294,거제,경상남도,2020,열대야일수,12.0
294,거제,경상남도,2021,열대야일수,12.0
294,거제,경상남도,2022,열대야일수,19.0
294,거제,경상남도,2023,열대야일수,10.0
294,거제,경상남도,2024,열대야일수,34.0
294,거제,경상남도,2025,열대야일수,19.0
294,거제,경상남도,2026,열대야일수,22.0
294,거제,경상남도,2016,한파일수,0.0
294,거제,경상남도,2017,한파일수,0.0
294,거제,경상남도,2018,한파일수,0.0
294,거제,경상남도,2019,한파일수,0.0
294,거제,경상남도,2020,한파일수,0.0
294,거제,경상남도,2021,한파일수,0.0
294,거제,경상남도,2022,한파일수,0.0
294,거제,경상남도,2023,한파일수,0.0
294,거제,경상남도,2024,한파일수,0.0
294,거제,경상남도,2025,한파일수,0.0
294,거제,경상남도,2026,한파일수,0.0
284,거창,경상남도,2016,열대야일수,0.0
284,거창,경상남도,2017,열대야일수,1.0
284,거창,경상남도,2018,열대야일수,3.0
284,거창,경상남도,2019,열대야일수,0.0
284,거창,경상남도,2020,열대야일수,0.0
284,거창,경상남도,2021,열대야일수,0.0
284,거창,경상남도,2022,열대야일수,2.0
284,거창,경상남도,2023,열대야일수,1.0
284,거창,경상남도,2024,열대야일수,1.0
284,거창,경상남도,2025,열대야일수,2.0
284,거창,경상남도,2026,열대야일수,4.0
284,거창,경상남도,2016,폭염일수,23.0
284,거창,경상남도,2017,폭염일수,18.0
284,거창,경상남도,2018,폭염일수,36.0
284,거창,경상남도,2019,폭염일수,8.0
284,거창,경상남도,2020,폭염일수,12.0
284,거창,경상남도,2021,폭염일수,9.0
284,거창,경상남도,2022,폭염일수,17.0
284,거창,경상남도,2023,폭염일수,14.0
284,거창,경상남도,2024,폭염일수,32.0
284,거창,경상남도,2025,폭염일수,45.0
284,거창,경상남도,2026,폭염일수,23.0
284,거창,경상남도,2016,한파일수,1.0
284,거창,경상남도,2017,한파일수,8.0
284,거창,경상남도,2018,한파일수,10.0
284,거창,경상남도,2019,한파일수,1.0
284,거창,경상남도,2020,한파일수,1.0
284,거창,경상남도,2021,한파일수,4.0
284,거창,경상남도,2022,한파일수,5.0
284,거창,경상남도,2023,한파일수,3.0
284,거창,경상남도,2024,한파일수,0.0
284,거창,경상남도,2025,한파일수,3.0
284,거창,경상남도,2026,한파일수,6.0
253,김해시,경상남도,2016,폭염일수,35.0
253,김해시,경상남도,2017,폭염일수,17.0
253,김해시,경상남도,2018,폭염일수,39.0
253,김해시,경상남도,2019,폭염일수,16.0
253,김해시,경상남도,2020,폭염일수,11.0
253,김해시,경상남도,2021,폭염일수,17.0
253,김해시,경상남도,2022,폭염일수,12.0
253,김해시,경상남도,2023,폭염일수,19.0
253,김해시,경상남도,2024,폭염일수,51.0
253,김해시,경상남도,2025,폭염일수,43.0
253,김해시,경상남도,2026,폭염일수,23.0
253,김해시,경상남도,2016,한파일수,0.0
253,김해시,경상남도,2017,한파일수,0.0
253,김해시,경상남도,2018,한파일수,3.0
253,김해시,경상남도,2019,한파일수,0.0
253,김해시,경상남도,2020,한파일수,0.0
253,김해시,경상남도,2021,한파일수,2.0
253,김해시,경상남도,2022,한파일수,0.0
253,김해시,경상남도,2023,한파일수,1.0
253,김해시,경상남도,2024,한파일수,0.0
253,김해시,경상남도,2025,한파일수,0.0
253,김해시,경상남도,2026,한파일수,0.0
295,남해,경상남도,2016,열대야일수,19.0
295,남해,경상남도,2017,열대야일수,23.0
295,남해,경상남도,2018,열대야일수,27.0
295,남해,경상남도,2019,열대야일수,16.0
295,남해,경상남도,2020,열대야일수,11.0
295,남해,경상남도,2021,열대야일수,7.0
295,남해,경상남도,2022,열대야일수,20.0
295,남해,경상남도,2023,열대야일수,11.0
295,남해,경상남도,2024,열대야일수,44.0
295,남해,경상남도,2025,열대야일수,10.0
295,남해,경상남도,2026,열대야일수,19.0
295,남해,경상남도,2016,폭염일수,29.0
295,남해,경상남도,2017,폭염일수,24.0
295,남해,경상남도,2018,폭염일수,34.0
295,남해,경상남도,2019,폭염일수,13.0
295,남해,경상남도,2020,폭염일수,7.0
295,남해,경상남도,2021,폭염일수,7.0
295,남해,경상남도,2022,폭염일수,2.0
295,남해,경상남도,2023,폭염일수,9.0
295,남해,경상남도,2024,폭염일수,27.0
295,남해,경상남도,2025,폭염일수,26.0
295,남해,경상남도,2026,폭염일수,15.0
295,남해,경상남도,2016,한파일수,0.0
295,남해,경상남도,2017,한파일수,0.0
295,남해,경상남도,2018,한파일수,0.0
295,남해,경상남도,2019,한파일수,0.0
295,남해,경상남도,2020,한파일수,0.0
295,남해,경상남도,2021,한파일수,0.0
295,남해,경상남도,2022,한파일수,0.0
295,남해,경상남도,2023,한파일수,0.0
295,남해,경상남도,2024,한파일수,0.0
295,남해,경상남도,2025,한파일수,0.0
295,남해,경상남도,2026,한파일수,0.0
288,밀양,경상남도,2016,열대야일수,11.0
288,밀양,경상남도,2017,열대야일수,16.0
288,밀양,경상남도,2018,열대야일수,16.0
288,밀양,경상남도,2019,열대야일수,8.0
288,밀양,경상남도,2020,열대야일수,5.0
288,밀양,경상남도,2021,열대야일수,2.0
288,밀양,경상남도,2022,열대야일수,22.0
288,밀양,경상남도,2023,열대야일수,14.0
288,밀양,경상남도,2024,열대야일수,33.0
288,밀양,경상남도,2025,열대야일수,23.0
288,밀양,경상남도,2026,열대야일수,20.0
288,밀양,경상남도,2016,한파일수,1.0
288,밀양,경상남도,2017,한파일수,0.0
288,밀양,경상남도,2018,한파일수,5.0
288,밀양,경상남도,2019,한파일수,0.0
288,밀양,경상남도,2020,한파일수,0.0
288,밀양,경상남도,2021,한파일수,3.0
288,밀양,경상남도,2022,한파일수,0.0
288,밀양,경상남도,2023,한파일수,1.0
288,밀양,경상남도,2024,한파일수,0.0
288,밀양,경상남도,2025,한파일수,1.0
288,밀양,경상남도,2026,한파일수,0.0
255,북창원,경상남도,2016,열대야일수,14.0
255,북창원,경상남도,2017,열대야일수,20.0
255,북창원,경상남도,2018,열대야일수,23.0
255,북창원,경상남도,2019,열대야일수,11.0
255,북창원,경상남도,2020,열대야일수,26.0
255,북창원,경상남도,2021,열대야일수,14.0
255,북창원,경상남도,2022,열대야일수,27.0
255,북창원,경상남도,2023,열대야일수,36.0
255,북창원,경상남도,2024,열대야일수,61.0
255,북창원,경상남도,2025,열대야일수,47.0
255,북창원,경상남도,2026,열대야일수,30.0
255,북창원,경상남도,2016,폭염일수,26.0
255,북창원,경상남도,2017,폭염일수,25.0
255,북창원,경상남도,2018,폭염일수,37.0
255,북창원,경상남도,2019,폭염일수,11.0
255,북창원,경상남도,2020,폭염일수,18.0
255,북창원,경상남도,2021,폭염일수,28.0
255,북창원,경상남도,2022,폭염일수,27.0
255,북창원,경상남도,2023,폭염일수,28.0
255,북창원,경상남도,2024,폭염일수,59.0
255,북창원,경상남도,2025,폭염일수,56.0
255,북창원,경상남도,2026,폭염일수,27.0
255,북창원,경상남도,2016,한파일수,0.0
255,북창원,경상남도,2017,한파일수,0.0
255,북창원,경상남도,2018,한파일수,0.0
255,북창원,경상남도,2019,한파일수,0.0
255,북창원,경상남도,2020,한파일수,0.0
255,북창원,경상남도,2021,한파일수,0.0
255,북창원,경상남도,2022,한파일수,0.0
255,북창원,경상남도,2023,한파일수,0.0
255,북창원,경상남도,2024,한파일수,0.0
255,북창원,경상남도,2025,한파일수,0.0
255,북창원,경상남도,2026,한파일수,0.0
289,산청,경상남도,2016,열대야일수,2.0
289,산청,경상남도,2017,열대야일수,4.0
289,산청,경상남도,2018,열대야일수,8.0
289,산청,경상남도,2019,열대야일수,3.0
289,산청,경상남도,2020,열대야일수,5.0
289,산청,경상남도,2021,열대야일수,0.0
289,산청,경상남도,2022,열대야일수,4.0
289,산청,경상남도,2023,열대야일수,5.0
289,산청,경상남도,2024,열대야일수,11.0
289,산청,경상남도,2025,열대야일수,0.0
289,산청,경상남도,2026,열대야일수,10.0
289,산청,경상남도,2016,폭염일수,29.0
289,산청,경상남도,2017,폭염일수,26.0
289,산청,경상남도,2018,폭염일수,36.0
289,산청,경상남도,2019,폭염일수,19.0
289,산청,경상남도,2020,폭염일수,9.0
289,산청,경상남도,2021,폭염일수,12.0
289,산청,경상남도,2022,폭염일수,18.0
289,산청,경상남도,2023,폭염일수,16.0
289,산청,경상남도,2024,폭염일수,43.0
289,산청,경상남도,2025,폭염일수,38.0
289,산청,경상남도,2026,폭염일수,20.0
289,산청,경상남도,2016,한파일수,1.0
289,산청,경상남도,2017,한파일수,1.0
289,산청,경상남도,2018,한파일수,2.0
289,산청,경상남도,2019,한파일수,0.0
289,산청,경상남도,2020,한파일수,0.0
289,산청,경상남도,2021,한파일수,2.0
289,산청,경상남도,2022,한파일수,0.0
289,산청,경상남도,2023,한파일수,2.0
289,산청,경상남도,2024,한파일수,0.0
289,산청,경상남도,2025,한파일수,0.0
289,산청,경상남도,2026,한파일수,0.0
257,양산시,경상남도,2016,열대야일수,21.0
257,양산시,경상남도,2017,열대야일수,26.0
257,양산시,경상남도,2018,열대야일수,33.0
257,양산시,경상남도,2019,열대야일수,22.0
257,양산시,경상남도,2020,열대야일수,16.0
257,양산시,경상남도,2021,열대야일수,10.0
257,양산시,경상남도,2022,열대야일수,25.0
257,양산시,경상남도,2023,열대야일수,21.0
257,양산시,경상남도,2024,열대야일수,54.0
257,양산시,경상남도,2025,열대야일수,30.0
257,양산시,경상남도,2026,열대야일수,26.0
257,양산시,경상남도,2016,한파일수,0.0
257,양산시,경상남도,2017,한파일수,0.0
257,양산시,경상남도,2018,한파일수,0.0
257,양산시,경상남도,2019,한파일수,0.0
257,양산시,경상남도,2020,한파일수,0.0
257,양산시,경상남도,2021,한파일수,0.0
257,양산시,경상남도,2022,한파일수,0.0
257,양산시,경상남도,2023,한파일수,0.0
257,양산시,경상남도,2024,한파일수,0.0
257,양산시,경상남도,2025,한파일수,0.0
257,양산시,경상남도,2026,한파일수,0.0
263,의령군,경상남도,2016,열대야일수,2.0
263,의령군,경상남도,2017,열대야일수,12.0
263,의령군,경상남도,2018,열대야일수,7.0
263,의령군,경상남도,2019,열대야일수,10.0
263,의령군,경상남도,2020,열대야일수,10.0
263,의령군,경상남도,2021,열대야일수,3.0
263,의령군,경상남도,2022,열대야일수,22.0
263,의령군,경상남도,2023,열대야일수,10.0
263,의령군,경상남도,2024,열대야일수,41.0
263,의령군,경상남도,2025,열대야일수,2.0
263,의령군,경상남도,2026,열대야일수,14.0
263,의령군,경상남도,2016,폭염일수,27.0
263,의령군,경상남도,2017,폭염일수,31.0
263,의령군,경상남도,2018,폭염일수,43.0
263,의령군,경상남도,2019,폭염일수,20.0
263,의령군,경상남도,2020,폭염일수,16.0
263,의령군,경상남도,2021,폭염일수,26.0
263,의령군,경상남도,2022,폭염일수,33.0
263,의령군,경상남도,2023,폭염일수,33.0
263,의령군,경상남도,2024,폭염일수,60.0
263,의령군,경상남도,2025,폭염일수,38.0
263,의령군,경상남도,2026,폭염일수,23.0
263,의령군,경상남도,2016,한파일수,1.0
263,의령군,경상남도,2017,한파일수,1.0
263,의령군,경상남도,2018,한파일수,9.0
263,의령군,경상남도,2019,한파일수,0.0
263,의령군,경상남도,2020,한파일수,0.0
263,의령군,경상남도,2021,한파일수,4.0
263,의령군,경상남도,2022,한파일수,1.0
263,의령군,경상남도,2023,한파일수,3.0
263,의령군,경상남도,2024,한파일수,0.0
263,의령군,경상남도,2025,한파일수,2.0
263,의령군,경상남도,2026,한파일수,7.0
192,진주,경상남도,2016,한파일수,1.0
192,진주,경상남도,2017,한파일수,1.0
192,진주,경상남도,2018,한파일수,5.0
192,진주,경상남도,2019,한파일수,0.0
192,진주,경상남도,2020,한파일수,0.0
192,진주,경상남도,2021,한파일수,3.0
192,진주,경상남도,2022,한파일수,0.0
192,진주,경상남도,2023,한파일수,2.0
192,진주,경상남도,2024,한파일수,0.0
192,진주,경상남도,2025,한파일수,1.0
192,진주,경상남도,2026,한파일수,0.0
155,창원,경상남도,2016,폭염일수,28.0
155,창원,경상남도,2017,폭염일수,20.0
155,창원,경상남도,2018,폭염일수,36.0
155,창원,경상남도,2019,폭염일수,9.0
155,창원,경상남도,2020,폭염일수,8.0
155,창원,경상남도,2021,폭염일수,13.0
155,창원,경상남도,2022,폭염일수,12.0
155,창원,경상남도,2023,폭염일수,17.0
155,창원,경상남도,2024,폭염일수,45.0
155,창원,경상남도,2025,폭염일수,39.0
155,창원,경상남도,2026,폭염일수,19.0
155,창원,경상남도,2016,한파일수,1.0
155,창원,경상남도,2017,한파일수,0.0
155,창원,경상남도,2018,한파일수,1.0
155,창원,경상남도,2019,한파일수,0.0
155,창원,경상남도,2020,한파일수,0.0
155,창원,경상남도,2021,한파일수,2.0
155,창원,경상남도,2022,한파일수,0.0
155,창원,경상남도,2023,한파일수,1.0
155,창원,경상남도,2024,한파일수,0.0
155,창원,경상남도,2025,한파일수,0.0
155,창원,경상남도,2026,한파일수,0.0
162,통영,경상남도,2016,폭염일수,13.0
162,통영,경상남도,2017,폭염일수,6.0
162,통영,경상남도,2018,폭염일수,21.0
162,통영,경상남도,2019,폭염일수,7.0
162,통영,경상남도,2020,폭염일수,2.0
162,통영,경상남도,2021,폭염일수,7.0
162,통영,경상남도,2022,폭염일수,2.0
162,통영,경상남도,2023,폭염일수,7.0
162,통영,경상남도,2024,폭염일수,24.0
162,통영,경상남도,2025,폭염일수,11.0
162,통영,경상남도,2026,폭염일수,12.0
162,통영,경상남도,2016,한파일수,0.0
162,통영,경상남도,2017,한파일수,0.0
162,통영,경상남도,2018,한파일수,0.0
162,통영,경상남도,2019,한파일수,0.0
162,통영,경상남도,2020,한파일수,0.0
162,통영,경상남도,2021,한파일수,0.0
162,통영,경상남도,2022,한파일수,0.0
162,통영,경상남도,2023,한파일수,0.0
162,통영,경상남도,2024,한파일수,0.0
162,통영,경상남도,2025,한파일수,0.0
162,통영,경상남도,2026,한파일수,0.0
264,함양군,경상남도,2016,열대야일수,0.0
264,함양군,경상남도,2017,열대야일수,3.0
264,함양군,경상남도,2018,열대야일수,3.0
264,함양군,경상남도,2019,열대야일수,0.0
264,함양군,경상남도,2020,열대야일수,0.0
264,함양군,경상남도,2021,열대야일수,0.0
264,함양군,경상남도,2022,열대야일수,3.0
264,함양군,경상남도,2023,열대야일수,2.0
264,함양군,경상남도,2024,열대야일수,9.0
264,함양군,경상남도,2025,열대야일수,1.0
264,함양군,경상남도,2026,열대야일수,7.0
264,함양군,경상남도,2016,폭염일수,32.0
264,함양군,경상남도,2017,폭염일수,25.0
264,함양군,경상남도,2018,폭염일수,38.0
264,함양군,경상남도,2019,폭염일수,15.0
264,함양군,경상남도,2020,폭염일수,18.0
264,함양군,경상남도,2021,폭염일수,17.0
264,함양군,경상남도,2022,폭염일수,24.0
264,함양군,경상남도,2023,폭염일수,27.0
264,함양군,경상남도,2024,폭염일수,50.0
264,함양군,경상남도,2025,폭염일수,45.0
264,함양군,경상남도,2026,폭염일수,28.0
264,함양군,경상남도,2016,한파일수,0.0
264,함양군,경상남도,2017,한파일수,2.0
264,함양군,경상남도,2018,한파일수,8.0
264,함양군,경상남도,2019,한파일수,0.0
264,함양군,경상남도,2020,한파일수,0.0
264,함양군,경상남도,2021,한파일수,2.0
264,함양군,경상남도,2022,한파일수,3.0
264,함양군,경상남도,2023,한파일수,2.0
264,함양군,경상남도,2024,한파일수,0.0
264,함양군,경상남도,2025,한파일수,0.0
264,함양군,경상남도,2026,한파일수,0.0
285,합천,경상남도,2016,열대야일수,3.0
285,합천,경상남도,2017,열대야일수,3.0
285,합천,경상남도,2018,열대야일수,6.0
285,합천,경상남도,2019,열대야일수,3.0
285,합천,경상남도,2020,열대야일수,1.0
285,합천,경상남도,2021,열대야일수,1.0
285,합천,경상남도,2022,열대야일수,9.0
285,합천,경상남도,2023,열대야일수,4.0
285,합천,경상남도,2024,열대야일수,30.0
285,합천,경상남도,2025,열대야일수,9.0
285,합천,경상남도,2026,열대야일수,9.0
285,합천,경상남도,2016,폭염일수,41.0
285,합천,경상남도,2017,폭염일수,35.0
285,합천,경상남도,2018,폭염일수,47.0
285,합천,경상남도,2019,폭염일수,27.0
285,합천,경상남도,2020,폭염일수,14.0
285,합천,경상남도,2021,폭염일수,17.0
285,합천,경상남도,2022,폭염일수,27.0
285,합천,경상남도,2023,폭염일수,19.0
285,합천,경상남도,2024,폭염일수,59.0
285,합천,경상남도,2025,폭염일수,54.0
285,합천,경상남도,2026,폭염일수,27.0
285,합천,경상남도,2016,한파일수,2.0
285,합천,경상남도,2017,한파일수,2.0
285,합천,경상남도,2018,한파일수,9.0
285,합천,경상남도,2019,한파일수,0.0
285,합천,경상남도,2020,한파일수,0.0
285,합천,경상남도,2021,한파일수,3.0
285,합천,경상남도,2022,한파일수,1.0
285,합천,경상남도,2023,한파일수,2.0
285,합천,경상남도,2024,한파일수,0.0
285,합천,경상남도,2025,한파일수,1.0
285,합천,경상남도,2026,한파일수,0.0
283,경주시,경상북도,2016,열대야일수,5.0
283,경주시,경상북도,2017,열대야일수,10.0
283,경주시,경상북도,2018,열대야일수,9.0
283,경주시,경상북도,2019,열대야일수,5.0
283,경주시,경상북도,2020,열대야일수,3.0
283,경주시,경상북도,2021,열대야일수,1.0
283,경주시,경상북도,2022,열대야일수,14.0
283,경주시,경상북도,2023,열대야일수,6.0
283,경주시,경상북도,2024,열대야일수,23.0
283,경주시,경상북도,2025,열대야일수,11.0
283,경주시,경상북도,2026,열대야일수,10.0
283,경주시,경상북도,2016,폭염일수,32.0
283,경주시,경상북도,2017,폭염일수,33.0
283,경주시,경상북도,2018,폭염일수,38.0
283,경주시,경상북도,2019,폭염일수,26.0
283,경주시,경상북도,2020,폭염일수,25.0
283,경주시,경상북도,2021,폭염일수,17.0
283,경주시,경상북도,2022,폭염일수,35.0
283,경주시,경상북도,2023,폭염일수,28.0
283,경주시,경상북도,2024,폭염일수,59.0
283,경주시,경상북도,2025,폭염일수,57.0
283,경주시,경상북도,2026,폭염일수,35.0
283,경주시,경상북도,2016,한파일수,1.0
283,경주시,경상북도,2017,한파일수,0.0
283,경주시,경상북도,2018,한파일수,4.0
283,경주시,경상북도,2019,한파일수,0.0
283,경주시,경상북도,2020,한파일수,0.0
283,경주시,경상북도,2021,한파일수,1.0
283,경주시,경상북도,2022,한파일수,0.0
283,경주시,경상북도,2023,한파일수,2.0
283,경주시,경상북도,2024,한파일수,0.0
283,경주시,경상북도,2025,한파일수,0.0
283,경주시,경상북도,2026,한파일수,0.0
279,구미,경상북도,2016,열대야일수,7.0
279,구미,경상북도,2017,열대야일수,5.0
279,구미,경상북도,2018,열대야일수,17.0
279,구미,경상북도,2019,열대야일수,10.0
279,구미,경상북도,2020,열대야일수,3.0
279,구미,경상북도,2021,열대야일수,0.0
279,구미,경상북도,2022,열대야일수,11.0
279,구미,경상북도,2023,열대야일수,7.0
279,구미,경상북도,2024,열대야일수,16.0
279,구미,경상북도,2025,열대야일수,11.0
279,구미,경상북도,2026,열대야일수,16.0
279,구미,경상북도,2016,폭염일수,31.0
279,구미,경상북도,2017,폭염일수,25.0
279,구미,경상북도,2018,폭염일수,38.0
279,구미,경상북도,2019,폭염일수,19.0
279,구미,경상북도,2020,폭염일수,17.0
279,구미,경상북도,2021,폭염일수,20.0
279,구미,경상북도,2022,폭염일수,26.0
279,구미,경상북도,2023,폭염일수,25.0
279,구미,경상북도,2024,폭염일수,51.0
279,구미,경상북도,2025,폭염일수,62.0
279,구미,경상북도,2026,폭염일수,35.0
279,구미,경상북도,2016,한파일수,1.0
279,구미,경상북도,2017,한파일수,0.0
279,구미,경상북도,2018,한파일수,3.0
279,구미,경상북도,2019,한파일수,0.0
279,구미,경상북도,2020,한파일수,0.0
279,구미,경상북도,2021,한파일수,1.0
279,구미,경상북도,2022,한파일수,0.0
279,구미,경상북도,2023,한파일수,2.0
279,구미,경상북도,2024,한파일수,0.0
279,구미,경상북도,2025,한파일수,0.0
279,구미,경상북도,2026,한파일수,0.0
273,문경,경상북도,2016,열대야일수,0.0
273,문경,경상북도,2017,열대야일수,1.0
273,문경,경상북도,2018,열대야일수,7.0
273,문경,경상북도,2019,열대야일수,2.0
273,문경,경상북도,2020,열대야일수,0.0
273,문경,경상북도,2021,열대야일수,0.0
273,문경,경상북도,2022,열대야일수,1.0
273,문경,경상북도,2023,열대야일수,0.0
273,문경,경상북도,2024,열대야일수,5.0
273,문경,경상북도,2025,열대야일수,1.0
273,문경,경상북도,2026,열대야일수,4.0
273,문경,경상북도,2016,폭염일수,22.0
273,문경,경상북도,2017,폭염일수,10.0
273,문경,경상북도,2018,폭염일수,38.0
273,문경,경상북도,2019,폭염일수,16.0
273,문경,경상북도,2020,폭염일수,4.0
273,문경,경상북도,2021,폭염일수,11.0
273,문경,경상북도,2022,폭염일수,11.0
273,문경,경상북도,2023,폭염일수,14.0
273,문경,경상북도,2024,폭염일수,26.0
273,문경,경상북도,2025,폭염일수,33.0
273,문경,경상북도,2026,폭염일수,15.0
273,문경,경상북도,2016,한파일수,3.0
273,문경,경상북도,2017,한파일수,1.0
273,문경,경상북도,2018,한파일수,12.0
273,문경,경상북도,2019,한파일수,0.0
273,문경,경상북도,2020,한파일수,1.0
273,문경,경상북도,2021,한파일수,7.0
273,문경,경상북도,2022,한파일수,3.0
273,문경,경상북도,2023,한파일수,4.0
273,문경,경상북도,2024,한파일수,1.0
273,문경,경상북도,2025,한파일수,2.0
273,문경,경상북도,2026,한파일수,1.0
271,봉화,경상북도,2016,폭염일수,12.0
271,봉화,경상북도,2017,폭염일수,7.0
271,봉화,경상북도,2018,폭염일수,24.0
271,봉화,경상북도,2019,폭염일수,6.0
271,봉화,경상북도,2020,폭염일수,0.0
271,봉화,경상북도,2021,폭염일수,0.0
271,봉화,경상북도,2022,폭염일수,1.0
271,봉화,경상북도,2023,폭염일수,1.0
271,봉화,경상북도,2024,폭염일수,7.0
271,봉화,경상북도,2025,폭염일수,22.0
271,봉화,경상북도,2026,폭염일수,7.0
271,봉화,경상북도,2016,한파일수,19.0
271,봉화,경상북도,2017,한파일수,22.0
271,봉화,경상북도,2018,한파일수,35.0
271,봉화,경상북도,2019,한파일수,10.0
271,봉화,경상북도,2020,한파일수,5.0
271,봉화,경상북도,2021,한파일수,14.0
271,봉화,경상북도,2022,한파일수,17.0
271,봉화,경상북도,2023,한파일수,6.0
271,봉화,경상북도,2024,한파일수,1.0
271,봉화,경상북도,2025,한파일수,14.0
271,봉화,경상북도,2026,한파일수,21.0
137,상주,경상북도,2016,한파일수,1.0
137,상주,경상북도,2017,한파일수,0.0
137,상주,경상북도,2018,한파일수,8.0
137,상주,경상북도,2019,한파일수,0.0
137,상주,경상북도,2020,한파일수,1.0
137,상주,경상북도,2021,한파일수,4.0
137,상주,경상북도,2022,한파일수,2.0
137,상주,경상북도,2023,한파일수,2.0
137,상주,경상북도,2024,한파일수,0.0
137,상주,경상북도,2025,한파일수,1.0
137,상주,경상북도,2026,한파일수,0.0
136,안동,경상북도,2016,열대야일수,2.0
136,안동,경상북도,2017,열대야일수,4.0
136,안동,경상북도,2018,열대야일수,13.0
136,안동,경상북도,2019,열대야일수,8.0
136,안동,경상북도,2020,열대야일수,1.0
136,안동,경상북도,2021,열대야일수,2.0
136,안동,경상북도,2022,열대야일수,10.0
136,안동,경상북도,2023,열대야일수,6.0
136,안동,경상북도,2024,열대야일수,14.0
136,안동,경상북도,2025,열대야일수,6.0
136,안동,경상북도,2026,열대야일수,8.0
136,안동,경상북도,2016,폭염일수,35.0
136,안동,경상북도,2017,폭염일수,23.0
136,안동,경상북도,2018,폭염일수,40.0
136,안동,경상북도,2019,폭염일수,13.0
136,안동,경상북도,2020,폭염일수,13.0
136,안동,경상북도,2021,폭염일수,19.0
136,안동,경상북도,2022,폭염일수,20.0
136,안동,경상북도,2023,폭염일수,18.0
136,안동,경상북도,2024,폭염일수,46.0
136,안동,경상북도,2025,폭염일수,46.0
136,안동,경상북도,2026,폭염일수,24.0
136,안동,경상북도,2016,한파일수,7.0
136,안동,경상북도,2017,한파일수,7.0
136,안동,경상북도,2018,한파일수,13.0
136,안동,경상북도,2019,한파일수,0.0
136,안동,경상북도,2020,한파일수,3.0
136,안동,경상북도,2021,한파일수,10.0
136,안동,경상북도,2022,한파일수,11.0
136,안동,경상북도,2023,한파일수,5.0
136,안동,경상북도,2024,한파일수,2.0
136,안동,경상북도,2025,한파일수,4.0
136,안동,경상북도,2026,한파일수,8.0
277,영덕,경상북도,2016,열대야일수,3.0
277,영덕,경상북도,2017,열대야일수,10.0
277,영덕,경상북도,2018,열대야일수,9.0
277,영덕,경상북도,2019,열대야일수,12.0
277,영덕,경상북도,2020,열대야일수,2.0
277,영덕,경상북도,2021,열대야일수,1.0
277,영덕,경상북도,2022,열대야일수,6.0
277,영덕,경상북도,2023,열대야일수,1.0
277,영덕,경상북도,2024,열대야일수,12.0
277,영덕,경상북도,2025,열대야일수,13.0
277,영덕,경상북도,2026,열대야일수,10.0
277,영덕,경상북도,2016,폭염일수,18.0
277,영덕,경상북도,2017,폭염일수,21.0
277,영덕,경상북도,2018,폭염일수,29.0
277,영덕,경상북도,2019,폭염일수,19.0
277,영덕,경상북도,2020,폭염일수,7.0
277,영덕,경상북도,2021,폭염일수,3.0
277,영덕,경상북도,2022,폭염일수,15.0
277,영덕,경상북도,2023,폭염일수,7.0
277,영덕,경상북도,2024,폭염일수,27.0
277,영덕,경상북도,2025,폭염일수,33.0
277,영덕,경상북도,2026,폭염일수,18.0
277,영덕,경상북도,2016,한파일수,1.0
277,영덕,경상북도,2017,한파일수,0.0
277,영덕,경상북도,2018,한파일수,4.0
277,영덕,경상북도,2019,한파일수,0.0
277,영덕,경상북도,2020,한파일수,1.0
277,영덕,경상북도,2021,한파일수,2.0
277,영덕,경상북도,2022,한파일수,0.0
277,영덕,경상북도,2023,한파일수,1.0
277,영덕,경상북도,2024,한파일수,0.0
277,영덕,경상북도,2025,한파일수,0.0
277,영덕,경상북도,2026,한파일수,0.0
272,영주,경상북도,2016,열대야일수,0.0
272,영주,경상북도,2017,열대야일수,0.0
272,영주,경상북도,2018,열대야일수,3.0
272,영주,경상북도,2019,열대야일수,1.0
272,영주,경상북도,2020,열대야일수,0.0
272,영주,경상북도,2021,열대야일수,0.0
272,영주,경상북도,2022,열대야일수,0.0
272,영주,경상북도,2023,열대야일수,0.0
272,영주,경상북도,2024,열대야일수,2.0
272,영주,경상북도,2025,열대야일수,1.0
272,영주,경상북도,2026,열대야일수,4.0
272,영주,경상북도,2016,한파일수,9.0
272,영주,경상북도,2017,한파일수,9.0
272,영주,경상북도,2018,한파일수,16.0
272,영주,경상북도,2019,한파일수,3.0
272,영주,경상북도,2020,한파일수,3.0
272,영주,경상북도,2021,한파일수,11.0
272,영주,경상북도,2022,한파일수,11.0
272,영주,경상북도,2023,한파일수,6.0
272,영주,경상북도,2024,한파일수,2.0
272,영주,경상북도,2025,한파일수,4.0
272,영주,경상북도,2026,한파일수,5.0
281,영천,경상북도,2016,한파일수,1.0
281,영천,경상북도,2017,한파일수,1.0
281,영천,경상북도,2018,한파일수,6.0
281,영천,경상북도,2019,한파일수,0.0
281,영천,경상북도,2020,한파일수,0.0
281,영천,경상북도,2021,한파일수,3.0
281,영천,경상북도,2022,한파일수,1.0
281,영천,경상북도,2023,한파일수,2.0
281,영천,경상북도,2024,한파일수,0.0
281,영천,경상북도,2025,한파일수,0.0
281,영천,경상북도,2026,한파일수,0.0
115,울릉도,경상북도,2016,열대야일수,7.0
115,울릉도,경상북도,2017,열대야일수,6.0
115,울릉도,경상북도,2018,열대야일수,20.0
115,울릉도,경상북도,2019,열대야일수,12.0
115,울릉도,경상북도,2020,열대야일수,12.0
115,울릉도,경상북도,2021,열대야일수,8.0
115,울릉도,경상북도,2022,열대야일수,12.0
115,울릉도,경상북도,2023,열대야일수,22.0
115,울릉도,경상북도,2024,열대야일수,30.0
115,울릉도,경상북도,2025,열대야일수,40.0
115,울릉도,경상북도,2026,열대야일수,14.0
115,울릉도,경상북도,2016,폭염일수,0.0
115,울릉도,경상북도,2017,폭염일수,0.0
115,울릉도,경상북도,2018,폭염일수,4.0
115,울릉도,경상북도,2019,폭염일수,0.0
115,울릉도,경상북도,2020,폭염일수,0.0
115,울릉도,경상북도,2021,폭염일수,0.0
115,울릉도,경상북도,2022,폭염일수,0.0
115,울릉도,경상북도,2023,폭염일수,1.0
115,울릉도,경상북도,2024,폭염일수,3.0
115,울릉도,경상북도,2025,폭염일수,2.0
115,울릉도,경상북도,2026,폭염일수,5.0
115,울릉도,경상북도,2016,한파일수,0.0
115,울릉도,경상북도,2017,한파일수,0.0
115,울릉도,경상북도,2018,한파일수,0.0
115,울릉도,경상북도,2019,한파일수,0.0
115,울릉도,경상북도,2020,한파일수,0.0
115,울릉도,경상북도,2021,한파일수,0.0
115,울릉도,경상북도,2022,한파일수,0.0
115,울릉도,경상북도,2023,한파일수,0.0
115,울릉도,경상북도,2024,한파일수,0.0
115,울릉도,경상북도,2025,한파일수,0.0
115,울릉도,경상북도,2026,한파일수,0.0
130,울진,경상북도,2016,열대야일수,6.0
130,울진,경상북도,2017,열대야일수,6.0
130,울진,경상북도,2018,열대야일수,14.0
130,울진,경상북도,2019,열대야일수,10.0
130,울진,경상북도,2020,열대야일수,3.0
130,울진,경상북도,2021,열대야일수,1.0
130,울진,경상북도,2022,열대야일수,7.0
130,울진,경상북도,2023,열대야일수,8.0
130,울진,경상북도,2024,열대야일수,19.0
130,울진,경상북도,2025,열대야일수,15.0
130,울진,경상북도,2026,열대야일수,11.0
130,울진,경상북도,2016,폭염일수,2.0
130,울진,경상북도,2017,폭염일수,9.0
130,울진,경상북도,2018,폭염일수,12.0
130,울진,경상북도,2019,폭염일수,8.0
130,울진,경상북도,2020,폭염일수,6.0
130,울진,경상북도,2021,폭염일수,0.0
130,울진,경상북도,2022,폭염일수,9.0
130,울진,경상북도,2023,폭염일수,4.0
130,울진,경상북도,2024,폭염일수,13.0
130,울진,경상북도,2025,폭염일수,16.0
130,울진,경상북도,2026,폭염일수,10.0
130,울진,경상북도,2016,한파일수,1.0
130,울진,경상북도,2017,한파일수,0.0
130,울진,경상북도,2018,한파일수,3.0
130,울진,경상북도,2019,한파일수,0.0
130,울진,경상북도,2020,한파일수,0.0
130,울진,경상북도,2021,한파일수,2.0
130,울진,경상북도,2022,한파일수,0.0
130,울진,경상북도,2023,한파일수,1.0
130,울진,경상북도,2024,한파일수,0.0
130,울진,경상북도,2025,한파일수,0.0
130,울진,경상북도,2026,한파일수,0.0
278,의성,경상북도,2016,열대야일수,2.0
278,의성,경상북도,2017,열대야일수,2.0
278,의성,경상북도,2018,열대야일수,8.0
278,의성,경상북도,2019,열대야일수,2.0
278,의성,경상북도,2020,열대야일수,1.0
278,의성,경상북도,2021,열대야일수,0.0
278,의성,경상북도,2022,열대야일수,4.0
278,의성,경상북도,2023,열대야일수,1.0
278,의성,경상북도,2024,열대야일수,6.0
278,의성,경상북도,2025,열대야일수,3.0
278,의성,경상북도,2026,열대야일수,3.0
278,의성,경상북도,2016,한파일수,12.0
278,의성,경상북도,2017,한파일수,23.0
278,의성,경상북도,2018,한파일수,29.0
278,의성,경상북도,2019,한파일수,9.0
278,의성,경상북도,2020,한파일수,7.0
278,의성,경상북도,2021,한파일수,16.0
278,의성,경상북도,2022,한파일수,23.0
278,의성,경상북도,2023,한파일수,12.0
278,의성,경상북도,2024,한파일수,3.0
278,의성,경상북도,2025,한파일수,12.0
278,의성,경상북도,2026,한파일수,15.0
276,청송군,경상북도,2016,열대야일수,0.0
276,청송군,경상북도,2017,열대야일수,0.0
276,청송군,경상북도,2018,열대야일수,0.0
276,청송군,경상북도,2019,열대야일수,0.0
276,청송군,경상북도,2020,열대야일수,0.0
276,청송군,경상북도,2021,열대야일수,0.0
276,청송군,경상북도,2022,열대야일수,2.0
276,청송군,경상북도,2023,열대야일수,0.0
276,청송군,경상북도,2024,열대야일수,2.0
276,청송군,경상북도,2025,열대야일수,0.0
276,청송군,경상북도,2026,열대야일수,4.0
276,청송군,경상북도,2016,폭염일수,26.0
276,청송군,경상북도,2017,폭염일수,20.0
276,청송군,경상북도,2018,폭염일수,32.0
276,청송군,경상북도,2019,폭염일수,15.0
276,청송군,경상북도,2020,폭염일수,16.0
276,청송군,경상북도,2021,폭염일수,16.0
276,청송군,경상북도,2022,폭염일수,22.0
276,청송군,경상북도,2023,폭염일수,25.0
276,청송군,경상북도,2024,폭염일수,51.0
276,청송군,경상북도,2025,폭염일수,54.0
276,청송군,경상북도,2026,폭염일수,26.0
276,청송군,경상북도,2016,한파일수,9.0
276,청송군,경상북도,2017,한파일수,14.0
276,청송군,경상북도,2018,한파일수,27.0
276,청송군,경상북도,2019,한파일수,6.0
276,청송군,경상북도,2020,한파일수,5.0
276,청송군,경상북도,2021,한파일수,16.0
276,청송군,경상북도,2022,한파일수,25.0
276,청송군,경상북도,2023,한파일수,13.0
276,청송군,경상북도,2024,한파일수,7.0
276,청송군,경상북도,2025,한파일수,10.0
276,청송군,경상북도,2026,한파일수,11.0
138,포항,경상북도,2016,열대야일수,26.0
138,포항,경상북도,2017,열대야일수,24.0
138,포항,경상북도,2018,열대야일수,38.0
138,포항,경상북도,2019,열대야일수,27.0
138,포항,경상북도,2020,열대야일수,24.0
138,포항,경상북도,2021,열대야일수,21.0
138,포항,경상북도,2022,열대야일수,31.0
138,포항,경상북도,2023,열대야일수,23.0
138,포항,경상북도,2024,열대야일수,47.0
138,포항,경상북도,2025,열대야일수,48.0
138,포항,경상북도,2026,열대야일수,27.0
138,포항,경상북도,2016,폭염일수,16.0
138,포항,경상북도,2017,폭염일수,16.0
138,포항,경상북도,2018,폭염일수,26.0
138,포항,경상북도,2019,폭염일수,19.0
138,포항,경상북도,2020,폭염일수,22.0
138,포항,경상북도,2021,폭염일수,9.0
138,포항,경상북도,2022,폭염일수,23.0
138,포항,경상북도,2023,폭염일수,22.0
138,포항,경상북도,2024,폭염일수,29.0
138,포항,경상북도,2025,폭염일수,43.0
138,포항,경상북도,2026,폭염일수,21.0
138,포항,경상북도,2016,한파일수,1.0
138,포항,경상북도,2017,한파일수,0.0
138,포항,경상북도,2018,한파일수,2.0
138,포항,경상북도,2019,한파일수,0.0
138,포항,경상북도,2020,한파일수,0.0
138,포항,경상북도,2021,한파일수,1.0
138,포항,경상북도,2022,한파일수,0.0
138,포항,경상북도,2023,한파일수,1.0
138,포항,경상북도,2024,한파일수,0.0
138,포항,경상북도,2025,한파일수,0.0
138,포항,경상북도,2026,한파일수,0.0
143,대구,대구광역시,2016,열대야일수,14.0
143,대구,대구광역시,2017,열대야일수,19.0
143,대구,대구광역시,2018,열대야일수,26.0
143,대구,대구광역시,2019,열대야일수,22.0
143,대구,대구광역시,2020,열대야일수,16.0
143,대구,대구광역시,2021,열대야일수,9.0
143,대구,대구광역시,2022,열대야일수,28.0
143,대구,대구광역시,2023,열대야일수,11.0
143,대구,대구광역시,2024,열대야일수,36.0
143,대구,대구광역시,2025,열대야일수,27.0
143,대구,대구광역시,2026,열대야일수,24.0
143,대구,대구광역시,2016,폭염일수,32.0
143,대구,대구광역시,2017,폭염일수,33.0
143,대구,대구광역시,2018,폭염일수,40.0
143,대구,대구광역시,2019,폭염일수,29.0
143,대구,대구광역시,2020,폭염일수,31.0
143,대구,대구광역시,2021,폭염일수,23.0
143,대구,대구광역시,2022,폭염일수,45.0
143,대구,대구광역시,2023,폭염일수,27.0
143,대구,대구광역시,2024,폭염일수,53.0
143,대구,대구광역시,2025,폭염일수,54.0
143,대구,대구광역시,2026,폭염일수,33.0
143,대구,대구광역시,2016,한파일수,1.0
143,대구,대구광역시,2017,한파일수,0.0
143,대구,대구광역시,2018,한파일수,4.0
143,대구,대구광역시,2019,한파일수,0.0
143,대구,대구광역시,2020,한파일수,0.0
143,대구,대구광역시,2021,한파일수,1.0
143,대구,대구광역시,2022,한파일수,0.0
143,대구,대구광역시,2023,한파일수,1.0
143,대구,대구광역시,2024,한파일수,0.0
143,대구,대구광역시,2025,한파일수,0.0
143,대구,대구광역시,2026,한파일수,0.0
133,대전,대전광역시,2016,열대야일수,21.0
133,대전,대전광역시,2017,열대야일수,18.0
133,대전,대전광역시,2018,열대야일수,35.0
133,대전,대전광역시,2019,열대야일수,23.0
133,대전,대전광역시,2020,열대야일수,17.0
133,대전,대전광역시,2021,열대야일수,15.0
133,대전,대전광역시,2022,열대야일수,17.0
133,대전,대전광역시,2023,열대야일수,8.0
133,대전,대전광역시,2024,열대야일수,36.0
133,대전,대전광역시,2025,열대야일수,33.0
133,대전,대전광역시,2026,열대야일수,18.0
133,대전,대전광역시,2016,폭염일수,29.0
133,대전,대전광역시,2017,폭염일수,14.0
133,대전,대전광역시,2018,폭염일수,37.0
133,대전,대전광역시,2019,폭염일수,18.0
133,대전,대전광역시,2020,폭염일수,13.0
133,대전,대전광역시,2021,폭염일수,21.0
133,대전,대전광역시,2022,폭염일수,22.0
133,대전,대전광역시,2023,폭염일수,25.0
133,대전,대전광역시,2024,폭염일수,43.0
133,대전,대전광역시,2025,폭염일수,44.0
133,대전,대전광역시,2026,폭염일수,17.0
133,대전,대전광역시,2016,한파일수,3.0
133,대전,대전광역시,2017,한파일수,0.0
133,대전,대전광역시,2018,한파일수,9.0
133,대전,대전광역시,2019,한파일수,0.0
133,대전,대전광역시,2020,한파일수,1.0
133,대전,대전광역시,2021,한파일수,6.0
133,대전,대전광역시,2022,한파일수,1.0
133,대전,대전광역시,2023,한파일수,3.0
133,대전,대전광역시,2024,한파일수,1.0
133,대전,대전광역시,2025,한파일수,1.0
133,대전,대전광역시,2026,한파일수,1.0
159,부산,부산광역시,2016,열대야일수,30.0
159,부산,부산광역시,2017,열대야일수,19.0
159,부산,부산광역시,2018,열대야일수,37.0
159,부산,부산광역시,2019,열대야일수,27.0
159,부산,부산광역시,2020,열대야일수,15.0
159,부산,부산광역시,2021,열대야일수,25.0
159,부산,부산광역시,2022,열대야일수,26.0
159,부산,부산광역시,2023,열대야일수,27.0
159,부산,부산광역시,2024,열대야일수,55.0
159,부산,부산광역시,2025,열대야일수,54.0
159,부산,부산광역시,2026,열대야일수,23.0
159,부산,부산광역시,2016,한파일수,0.0
159,부산,부산광역시,2017,한파일수,0.0
159,부산,부산광역시,2018,한파일수,0.0
159,부산,부산광역시,2019,한파일수,0.0
159,부산,부산광역시,2020,한파일수,0.0
159,부산,부산광역시,2021,한파일수,1.0
159,부산,부산광역시,2022,한파일수,0.0
159,부산,부산광역시,2023,한파일수,1.0
159,부산,부산광역시,2024,한파일수,0.0
159,부산,부산광역시,2025,한파일수,0.0
159,부산,부산광역시,2026,한파일수,0.0
296,북부산,부산광역시,2023,열대야일수,17.0
296,북부산,부산광역시,2024,열대야일수,40.0
296,북부산,부산광역시,2025,열대야일수,26.0
296,북부산,부산광역시,2026,열대야일수,21.0
296,북부산,부산광역시,2023,폭염일수,14.0
296,북부산,부산광역시,2024,폭염일수,44.0
296,북부산,부산광역시,2025,폭염일수,42.0
296,북부산,부산광역시,2026,폭염일수,19.0
296,북부산,부산광역시,2023,한파일수,1.0
296,북부산,부산광역시,2024,한파일수,0.0
296,북부산,부산광역시,2025,한파일수,0.0
296,북부산,부산광역시,2026,한파일수,0.0
108,서울,서울특별시,2016,열대야일수,32.0
108,서울,서울특별시,2017,열대야일수,19.0
108,서울,서울특별시,2018,열대야일수,29.0
108,서울,서울특별시,2019,열대야일수,17.0
108,서울,서울특별시,2020,열대야일수,13.0
108,서울,서울특별시,2021,열대야일수,21.0
108,서울,서울특별시,2022,열대야일수,24.0
108,서울,서울특별시,2023,열대야일수,25.0
108,서울,서울특별시,2024,열대야일수,48.0
108,서울,서울특별시,2025,열대야일수,47.0
108,서울,서울특별시,2026,열대야일수,19.0
108,서울,서울특별시,2016,폭염일수,24.0
108,서울,서울특별시,2017,폭염일수,13.0
108,서울,서울특별시,2018,폭염일수,35.0
108,서울,서울특별시,2019,폭염일수,15.0
108,서울,서울특별시,2020,폭염일수,4.0
108,서울,서울특별시,2021,폭염일수,18.0
108,서울,서울특별시,2022,폭염일수,10.0
108,서울,서울특별시,2023,폭염일수,19.0
108,서울,서울특별시,2024,폭염일수,33.0
108,서울,서울특별시,2025,폭염일수,28.0
108,서울,서울특별시,2026,폭염일수,10.0
108,서울,서울특별시,2016,한파일수,5.0
108,서울,서울특별시,2017,한파일수,3.0
108,서울,서울특별시,2018,한파일수,11.0
108,서울,서울특별시,2019,한파일수,0.0
108,서울,서울특별시,2020,한파일수,2.0
108,서울,서울특별시,2021,한파일수,8.0
108,서울,서울특별시,2022,한파일수,4.0
108,서울,서울특별시,2023,한파일수,7.0
108,서울,서울특별시,2024,한파일수,1.0
108,서울,서울특별시,2025,한파일수,1.0
108,서울,서울특별시,2026,한파일수,3.0
239,세종,세종특별자치시,2019,열대야일수,
239,세종,세종특별자치시,2020,열대야일수,7.0
239,세종,세종특별자치시,2021,열대야일수,2.0
239,세종,세종특별자치시,2022,열대야일수,14.0
239,세종,세종특별자치시,2023,열대야일수,4.0
239,세종,세종특별자치시,2024,열대야일수,20.0
239,세종,세종특별자치시,2025,열대야일수,14.0
239,세종,세종특별자치시,2026,열대야일수,11.0
239,세종,세종특별자치시,2019,폭염일수,11.0
239,세종,세종특별자치시,2020,폭염일수,10.0
239,세종,세종특별자치시,2021,폭염일수,16.0
239,세종,세종특별자치시,2022,폭염일수,15.0
239,세종,세종특별자치시,2023,폭염일수,20.0
239,세종,세종특별자치시,2024,폭염일수,32.0
239,세종,세종특별자치시,2025,폭염일수,28.0
239,세종,세종특별자치시,2026,폭염일수,11.0
239,세종,세종특별자치시,2019,한파일수,
239,세종,세종특별자치시,2020,한파일수,1.0
239,세종,세종특별자치시,2021,한파일수,6.0
239,세종,세종특별자치시,2022,한파일수,4.0
239,세종,세종특별자치시,2023,한파일수,5.0
239,세종,세종특별자치시,2024,한파일수,0.0
239,세종,세종특별자치시,2025,한파일수,1.0
239,세종,세종특별자치시,2026,한파일수,1.0
152,울산,울산광역시,2016,열대야일수,13.0
152,울산,울산광역시,2017,열대야일수,13.0
152,울산,울산광역시,2018,열대야일수,22.0
152,울산,울산광역시,2019,열대야일수,14.0
152,울산,울산광역시,2020,열대야일수,14.0
152,울산,울산광역시,2021,열대야일수,3.0
152,울산,울산광역시,2022,열대야일수,20.0
152,울산,울산광역시,2023,열대야일수,5.0
152,울산,울산광역시,2024,열대야일수,23.0
152,울산,울산광역시,2025,열대야일수,18.0
152,울산,울산광역시,2026,열대야일수,18.0
152,울산,울산광역시,2016,폭염일수,14.0
152,울산,울산광역시,2017,폭염일수,19.0
152,울산,울산광역시,2018,폭염일수,23.0
152,울산,울산광역시,2019,폭염일수,8.0
152,울산,울산광역시,2020,폭염일수,11.0
152,울산,울산광역시,2021,폭염일수,7.0
152,울산,울산광역시,2022,폭염일수,10.0
152,울산,울산광역시,2023,폭염일수,6.0
152,울산,울산광역시,2024,폭염일수,23.0
152,울산,울산광역시,2025,폭염일수,28.0
152,울산,울산광역시,2026,폭염일수,17.0
152,울산,울산광역시,2016,한파일수,0.0
152,울산,울산광역시,2017,한파일수,0.0
152,울산,울산광역시,2018,한파일수,1.0
152,울산,울산광역시,2019,한파일수,0.0
152,울산,울산광역시,2020,한파일수,0.0
152,울산,울산광역시,2021,한파일수,1.0
152,울산,울산광역시,2022,한파일수,0.0
152,울산,울산광역시,2023,한파일수,1.0
152,울산,울산광역시,2024,한파일수,0.0
152,울산,울산광역시,2025,한파일수,0.0
152,울산,울산광역시,2026,한파일수,0.0
201,강화,인천광역시,2016,열대야일수,5.0
201,강화,인천광역시,2017,열대야일수,4.0
201,강화,인천광역시,2018,열대야일수,12.0
201,강화,인천광역시,2019,열대야일수,5.0
201,강화,인천광역시,2020,열대야일수,2.0
201,강화,인천광역시,2021,열대야일수,0.0
201,강화,인천광역시,2022,열대야일수,11.0
201,강화,인천광역시,2023,열대야일수,1.0
201,강화,인천광역시,2024,열대야일수,12.0
201,강화,인천광역시,2025,열대야일수,11.0
201,강화,인천광역시,2026,열대야일수,10.0
201,강화,인천광역시,2016,폭염일수,5.0
201,강화,인천광역시,2017,폭염일수,2.0
201,강화,인천광역시,2018,폭염일수,18.0
201,강화,인천광역시,2019,폭염일수,8.0
201,강화,인천광역시,2020,폭염일수,1.0
201,강화,인천광역시,2021,폭염일수,9.0
201,강화,인천광역시,2022,폭염일수,2.0
201,강화,인천광역시,2023,폭염일수,1.0
201,강화,인천광역시,2024,폭염일수,4.0
201,강화,인천광역시,2025,폭염일수,6.0
201,강화,인천광역시,2026,폭염일수,5.0
201,강화,인천광역시,2016,한파일수,8.0
201,강화,인천광역시,2017,한파일수,10.0
201,강화,인천광역시,2018,한파일수,22.0
201,강화,인천광역시,2019,한파일수,3.0
201,강화,인천광역시,2020,한파일수,6.0
201,강화,인천광역시,2021,한파일수,11.0
201,강화,인천광역시,2022,한파일수,14.0
201,강화,인천광역시,2023,한파일수,10.0
201,강화,인천광역시,2024,한파일수,2.0
201,강화,인천광역시,2025,한파일수,7.0
201,강화,인천광역시,2026,한파일수,9.0
102,백령도,인천광역시,2016,열대야일수,5.0
102,백령도,인천광역시,2017,열대야일수,3.0
102,백령도,인천광역시,2018,열대야일수,0.0
102,백령도,인천광역시,2019,열대야일수,0.0
102,백령도,인천광역시,2020,열대야일수,0.0
102,백령도,인천광역시,2021,열대야일수,0.0
102,백령도,인천광역시,2022,열대야일수,3.0
102,백령도,인천광역시,2023,열대야일수,0.0
102,백령도,인천광역시,2024,열대야일수,10.0
102,백령도,인천광역시,2025,열대야일수,6.0
102,백령도,인천광역시,2026,열대야일수,2.0
102,백령도,인천광역시,2016,폭염일수,0.0
102,백령도,인천광역시,2017,폭염일수,0.0
102,백령도,인천광역시,2018,폭염일수,0.0
102,백령도,인천광역시,2019,폭염일수,0.0
102,백령도,인천광역시,2020,폭염일수,0.0
102,백령도,인천광역시,2021,폭염일수,0.0
102,백령도,인천광역시,2022,폭염일수,0.0
102,백령도,인천광역시,2023,폭염일수,0.0
102,백령도,인천광역시,2024,폭염일수,0.0
102,백령도,인천광역시,2025,폭염일수,0.0
102,백령도,인천광역시,2026,폭염일수,0.0
102,백령도,인천광역시,2016,한파일수,1.0
102,백령도,인천광역시,2017,한파일수,0.0
102,백령도,인천광역시,2018,한파일수,3.0
102,백령도,인천광역시,2019,한파일수,0.0
102,백령도,인천광역시,2020,한파일수,0.0
102,백령도,인천광역시,2021,한파일수,0.0
102,백령도,인천광역시,2022,한파일수,0.0
102,백령도,인천광역시,2023,한파일수,1.0
102,백령도,인천광역시,2024,한파일수,0.0
102,백령도,인천광역시,2025,한파일수,0.0
102,백령도,인천광역시,2026,한파일수,0.0
112,인천,인천광역시,2016,열대야일수,33.0
112,인천,인천광역시,2017,열대야일수,18.0
112,인천,인천광역시,2018,열대야일수,27.0
112,인천,인천광역시,2019,열대야일수,16.0
112,인천,인천광역시,2020,열대야일수,7.0
112,인천,인천광역시,2021,열대야일수,22.0
112,인천,인천광역시,2022,열대야일수,15.0
112,인천,인천광역시,2023,열대야일수,22.0
112,인천,인천광역시,2024,열대야일수,46.0
112,인천,인천광역시,2025,열대야일수,41.0
112,인천,인천광역시,2026,열대야일수,20.0
112,인천,인천광역시,2016,폭염일수,8.0
112,인천,인천광역시,2017,폭염일수,2.0
112,인천,인천광역시,2018,폭염일수,20.0
112,인천,인천광역시,2019,폭염일수,9.0
112,인천,인천광역시,2020,폭염일수,1.0
112,인천,인천광역시,2021,폭염일수,8.0
112,인천,인천광역시,2022,폭염일수,2.0
112,인천,인천광역시,2023,폭염일수,3.0
112,인천,인천광역시,2024,폭염일수,13.0
112,인천,인천광역시,2025,폭염일수,11.0
112,인천,인천광역시,2026,폭염일수,6.0
112,인천,인천광역시,2016,한파일수,3.0
112,인천,인천광역시,2017,한파일수,0.0
112,인천,인천광역시,2018,한파일수,7.0
112,인천,인천광역시,2019,한파일수,0.0
112,인천,인천광역시,2020,한파일수,0.0
112,인천,인천광역시,2021,한파일수,5.0
112,인천,인천광역시,2022,한파일수,3.0
112,인천,인천광역시,2023,한파일수,5.0
112,인천,인천광역시,2024,한파일수,1.0
112,인천,인천광역시,2025,한파일수,0.0
112,인천,인천광역시,2026,한파일수,3.0
259,강진군,전남광주통합특별시,2016,열대야일수,6.0
259,강진군,전남광주통합특별시,2017,열대야일수,14.0
259,강진군,전남광주통합특별시,2018,열대야일수,22.0
259,강진군,전남광주통합특별시,2019,열대야일수,12.0
259,강진군,전남광주통합특별시,2020,열대야일수,15.0
259,강진군,전남광주통합특별시,2021,열대야일수,5.0
259,강진군,전남광주통합특별시,2022,열대야일수,24.0
259,강진군,전남광주통합특별시,2023,열대야일수,13.0
259,강진군,전남광주통합특별시,2024,열대야일수,31.0
259,강진군,전남광주통합특별시,2025,열대야일수,19.0
259,강진군,전남광주통합특별시,2026,열대야일수,15.0
259,강진군,전남광주통합특별시,2016,폭염일수,23.0
259,강진군,전남광주통합특별시,2017,폭염일수,13.0
259,강진군,전남광주통합특별시,2018,폭염일수,29.0
259,강진군,전남광주통합특별시,2019,폭염일수,9.0
259,강진군,전남광주통합특별시,2020,폭염일수,7.0
259,강진군,전남광주통합특별시,2021,폭염일수,10.0
259,강진군,전남광주통합특별시,2022,폭염일수,20.0
259,강진군,전남광주통합특별시,2023,폭염일수,18.0
259,강진군,전남광주통합특별시,2024,폭염일수,49.0
259,강진군,전남광주통합특별시,2025,폭염일수,47.0
259,강진군,전남광주통합특별시,2026,폭염일수,18.0
259,강진군,전남광주통합특별시,2016,한파일수,0.0
259,강진군,전남광주통합특별시,2017,한파일수,0.0
259,강진군,전남광주통합특별시,2018,한파일수,1.0
259,강진군,전남광주통합특별시,2019,한파일수,0.0
259,강진군,전남광주통합특별시,2020,한파일수,0.0
259,강진군,전남광주통합특별시,2021,한파일수,2.0
259,강진군,전남광주통합특별시,2022,한파일수,0.0
259,강진군,전남광주통합특별시,2023,한파일수,1.0
259,강진군,전남광주통합특별시,2024,한파일수,0.0
259,강진군,전남광주통합특별시,2025,한파일수,0.0
259,강진군,전남광주통합특별시,2026,한파일수,0.0
262,고흥,전남광주통합특별시,2016,열대야일수,3.0
262,고흥,전남광주통합특별시,2017,열대야일수,8.0
262,고흥,전남광주통합특별시,2018,열대야일수,13.0
262,고흥,전남광주통합특별시,2019,열대야일수,3.0
262,고흥,전남광주통합특별시,2020,열대야일수,10.0
262,고흥,전남광주통합특별시,2021,열대야일수,1.0
262,고흥,전남광주통합특별시,2022,열대야일수,15.0
262,고흥,전남광주통합특별시,2023,열대야일수,4.0
262,고흥,전남광주통합특별시,2024,열대야일수,28.0
262,고흥,전남광주통합특별시,2025,열대야일수,11.0
262,고흥,전남광주통합특별시,2026,열대야일수,14.0
262,고흥,전남광주통합특별시,2016,폭염일수,16.0
262,고흥,전남광주통합특별시,2017,폭염일수,7.0
262,고흥,전남광주통합특별시,2018,폭염일수,22.0
262,고흥,전남광주통합특별시,2019,폭염일수,6.0
262,고흥,전남광주통합특별시,2020,폭염일수,5.0
262,고흥,전남광주통합특별시,2021,폭염일수,6.0
262,고흥,전남광주통합특별시,2022,폭염일수,0.0
262,고흥,전남광주통합특별시,2023,폭염일수,5.0
262,고흥,전남광주통합특별시,2024,폭염일수,46.0
262,고흥,전남광주통합특별시,2025,폭염일수,46.0
262,고흥,전남광주통합특별시,2026,폭염일수,16.0
262,고흥,전남광주통합특별시,2016,한파일수,0.0
262,고흥,전남광주통합특별시,2017,한파일수,0.0
262,고흥,전남광주통합특별시,2018,한파일수,1.0
262,고흥,전남광주통합특별시,2019,한파일수,0.0
262,고흥,전남광주통합특별시,2020,한파일수,0.0
262,고흥,전남광주통합특별시,2021,한파일수,2.0
262,고흥,전남광주통합특별시,2022,한파일수,0.0
262,고흥,전남광주통합특별시,2023,한파일수,1.0
262,고흥,전남광주통합특별시,2024,한파일수,0.0
262,고흥,전남광주통합특별시,2025,한파일수,0.0
262,고흥,전남광주통합특별시,2026,한파일수,0.0
266,광양시,전남광주통합특별시,2016,열대야일수,20.0
266,광양시,전남광주통합특별시,2017,열대야일수,15.0
266,광양시,전남광주통합특별시,2018,열대야일수,28.0
266,광양시,전남광주통합특별시,2019,열대야일수,14.0
266,광양시,전남광주통합특별시,2020,열대야일수,14.0
266,광양시,전남광주통합특별시,2021,열대야일수,12.0
266,광양시,전남광주통합특별시,2022,열대야일수,24.0
266,광양시,전남광주통합특별시,2023,열대야일수,15.0
266,광양시,전남광주통합특별시,2024,열대야일수,46.0
266,광양시,전남광주통합특별시,2025,열대야일수,30.0
266,광양시,전남광주통합특별시,2026,열대야일수,24.0
266,광양시,전남광주통합특별시,2016,폭염일수,29.0
266,광양시,전남광주통합특별시,2017,폭염일수,18.0
266,광양시,전남광주통합특별시,2018,폭염일수,34.0
266,광양시,전남광주통합특별시,2019,폭염일수,13.0
266,광양시,전남광주통합특별시,2020,폭염일수,10.0
266,광양시,전남광주통합특별시,2021,폭염일수,10.0
266,광양시,전남광주통합특별시,2022,폭염일수,13.0
266,광양시,전남광주통합특별시,2023,폭염일수,15.0
266,광양시,전남광주통합특별시,2024,폭염일수,45.0
266,광양시,전남광주통합특별시,2025,폭염일수,41.0
266,광양시,전남광주통합특별시,2026,폭염일수,17.0
266,광양시,전남광주통합특별시,2016,한파일수,0.0
266,광양시,전남광주통합특별시,2017,한파일수,0.0
266,광양시,전남광주통합특별시,2018,한파일수,0.0
266,광양시,전남광주통합특별시,2019,한파일수,0.0
266,광양시,전남광주통합특별시,2020,한파일수,0.0
266,광양시,전남광주통합특별시,2021,한파일수,0.0
266,광양시,전남광주통합특별시,2022,한파일수,0.0
266,광양시,전남광주통합특별시,2023,한파일수,1.0
266,광양시,전남광주통합특별시,2024,한파일수,0.0
266,광양시,전남광주통합특별시,2025,한파일수,0.0
266,광양시,전남광주통합특별시,2026,한파일수,0.0
156,광주,전남광주통합특별시,2016,열대야일수,27.0
156,광주,전남광주통합특별시,2017,열대야일수,22.0
156,광주,전남광주통합특별시,2018,열대야일수,30.0
156,광주,전남광주통합특별시,2019,열대야일수,22.0
156,광주,전남광주통합특별시,2020,열대야일수,16.0
156,광주,전남광주통합특별시,2021,열대야일수,8.0
156,광주,전남광주통합특별시,2022,열대야일수,27.0
156,광주,전남광주통합특별시,2023,열대야일수,14.0
156,광주,전남광주통합특별시,2024,열대야일수,37.0
156,광주,전남광주통합특별시,2025,열대야일수,32.0
156,광주,전남광주통합특별시,2026,열대야일수,26.0
156,광주,전남광주통합특별시,2016,폭염일수,31.0
156,광주,전남광주통합특별시,2017,폭염일수,29.0
156,광주,전남광주통합특별시,2018,폭염일수,43.0
156,광주,전남광주통합특별시,2019,폭염일수,12.0
156,광주,전남광주통합특별시,2020,폭염일수,13.0
156,광주,전남광주통합특별시,2021,폭염일수,14.0
156,광주,전남광주통합특별시,2022,폭염일수,19.0
156,광주,전남광주통합특별시,2023,폭염일수,20.0
156,광주,전남광주통합특별시,2024,폭염일수,37.0
156,광주,전남광주통합특별시,2025,폭염일수,41.0
156,광주,전남광주통합특별시,2026,폭염일수,22.0
156,광주,전남광주통합특별시,2016,한파일수,0.0
156,광주,전남광주통합특별시,2017,한파일수,0.0
156,광주,전남광주통합특별시,2018,한파일수,0.0
156,광주,전남광주통합특별시,2019,한파일수,0.0
156,광주,전남광주통합특별시,2020,한파일수,0.0
156,광주,전남광주통합특별시,2021,한파일수,1.0
156,광주,전남광주통합특별시,2022,한파일수,0.0
156,광주,전남광주통합특별시,2023,한파일수,1.0
156,광주,전남광주통합특별시,2024,한파일수,0.0
156,광주,전남광주통합특별시,2025,한파일수,0.0
156,광주,전남광주통합특별시,2026,한파일수,0.0
165,목포,전남광주통합특별시,2016,열대야일수,32.0
165,목포,전남광주통합특별시,2017,열대야일수,27.0
165,목포,전남광주통합특별시,2018,열대야일수,38.0
165,목포,전남광주통합특별시,2019,열대야일수,24.0
165,목포,전남광주통합특별시,2020,열대야일수,26.0
165,목포,전남광주통합특별시,2021,열대야일수,20.0
165,목포,전남광주통합특별시,2022,열대야일수,28.0
165,목포,전남광주통합특별시,2023,열대야일수,26.0
165,목포,전남광주통합특별시,2024,열대야일수,50.0
165,목포,전남광주통합특별시,2025,열대야일수,50.0
165,목포,전남광주통합특별시,2026,열대야일수,26.0
165,목포,전남광주통합특별시,2016,폭염일수,15.0
165,목포,전남광주통합특별시,2017,폭염일수,9.0
165,목포,전남광주통합특별시,2018,폭염일수,31.0
165,목포,전남광주통합특별시,2019,폭염일수,6.0
165,목포,전남광주통합특별시,2020,폭염일수,2.0
165,목포,전남광주통합특별시,2021,폭염일수,2.0
165,목포,전남광주통합특별시,2022,폭염일수,4.0
165,목포,전남광주통합특별시,2023,폭염일수,9.0
165,목포,전남광주통합특별시,2024,폭염일수,17.0
165,목포,전남광주통합특별시,2025,폭염일수,17.0
165,목포,전남광주통합특별시,2026,폭염일수,5.0
165,목포,전남광주통합특별시,2016,한파일수,0.0
165,목포,전남광주통합특별시,2017,한파일수,0.0
165,목포,전남광주통합특별시,2018,한파일수,0.0
165,목포,전남광주통합특별시,2019,한파일수,0.0
165,목포,전남광주통합특별시,2020,한파일수,0.0
165,목포,전남광주통합특별시,2021,한파일수,1.0
165,목포,전남광주통합특별시,2022,한파일수,0.0
165,목포,전남광주통합특별시,2023,한파일수,1.0
165,목포,전남광주통합특별시,2024,한파일수,0.0
165,목포,전남광주통합특별시,2025,한파일수,0.0
165,목포,전남광주통합특별시,2026,한파일수,0.0
258,보성군,전남광주통합특별시,2016,열대야일수,7.0
258,보성군,전남광주통합특별시,2017,열대야일수,13.0
258,보성군,전남광주통합특별시,2018,열대야일수,20.0
258,보성군,전남광주통합특별시,2019,열대야일수,11.0
258,보성군,전남광주통합특별시,2020,열대야일수,20.0
258,보성군,전남광주통합특별시,2021,열대야일수,7.0
258,보성군,전남광주통합특별시,2022,열대야일수,22.0
258,보성군,전남광주통합특별시,2023,열대야일수,12.0
258,보성군,전남광주통합특별시,2024,열대야일수,33.0
258,보성군,전남광주통합특별시,2025,열대야일수,13.0
258,보성군,전남광주통합특별시,2026,열대야일수,19.0
258,보성군,전남광주통합특별시,2016,폭염일수,21.0
258,보성군,전남광주통합특별시,2017,폭염일수,15.0
258,보성군,전남광주통합특별시,2018,폭염일수,28.0
258,보성군,전남광주통합특별시,2019,폭염일수,6.0
258,보성군,전남광주통합특별시,2020,폭염일수,9.0
258,보성군,전남광주통합특별시,2021,폭염일수,7.0
258,보성군,전남광주통합특별시,2022,폭염일수,9.0
258,보성군,전남광주통합특별시,2023,폭염일수,12.0
258,보성군,전남광주통합특별시,2024,폭염일수,41.0
258,보성군,전남광주통합특별시,2025,폭염일수,30.0
258,보성군,전남광주통합특별시,2026,폭염일수,15.0
258,보성군,전남광주통합특별시,2016,한파일수,0.0
258,보성군,전남광주통합특별시,2017,한파일수,0.0
258,보성군,전남광주통합특별시,2018,한파일수,0.0
258,보성군,전남광주통합특별시,2019,한파일수,0.0
258,보성군,전남광주통합특별시,2020,한파일수,0.0
258,보성군,전남광주통합특별시,2021,한파일수,0.0
258,보성군,전남광주통합특별시,2022,한파일수,0.0
258,보성군,전남광주통합특별시,2023,한파일수,0.0
258,보성군,전남광주통합특별시,2024,한파일수,0.0
258,보성군,전남광주통합특별시,2025,한파일수,0.0
258,보성군,전남광주통합특별시,2026,한파일수,0.0
174,순천,전남광주통합특별시,2016,열대야일수,6.0
174,순천,전남광주통합특별시,2017,열대야일수,4.0
174,순천,전남광주통합특별시,2018,열대야일수,2.0
174,순천,전남광주통합특별시,2019,열대야일수,1.0
174,순천,전남광주통합특별시,2020,열대야일수,2.0
174,순천,전남광주통합특별시,2021,열대야일수,0.0
174,순천,전남광주통합특별시,2022,열대야일수,6.0
174,순천,전남광주통합특별시,2023,열대야일수,0.0
174,순천,전남광주통합특별시,2024,열대야일수,0.0
174,순천,전남광주통합특별시,2025,열대야일수,1.0
174,순천,전남광주통합특별시,2026,열대야일수,4.0
174,순천,전남광주통합특별시,2016,폭염일수,29.0
174,순천,전남광주통합특별시,2017,폭염일수,14.0
174,순천,전남광주통합특별시,2018,폭염일수,29.0
174,순천,전남광주통합특별시,2019,폭염일수,6.0
174,순천,전남광주통합특별시,2020,폭염일수,8.0
174,순천,전남광주통합특별시,2021,폭염일수,6.0
174,순천,전남광주통합특별시,2022,폭염일수,10.0
174,순천,전남광주통합특별시,2023,폭염일수,9.0
174,순천,전남광주통합특별시,2024,폭염일수,9.0
174,순천,전남광주통합특별시,2025,폭염일수,28.0
174,순천,전남광주통합특별시,2026,폭염일수,13.0
174,순천,전남광주통합특별시,2016,한파일수,1.0
174,순천,전남광주통합특별시,2017,한파일수,0.0
174,순천,전남광주통합특별시,2018,한파일수,4.0
174,순천,전남광주통합특별시,2019,한파일수,0.0
174,순천,전남광주통합특별시,2020,한파일수,0.0
174,순천,전남광주통합특별시,2021,한파일수,2.0
174,순천,전남광주통합특별시,2022,한파일수,0.0
174,순천,전남광주통합특별시,2023,한파일수,1.0
174,순천,전남광주통합특별시,2024,한파일수,0.0
174,순천,전남광주통합특별시,2025,한파일수,0.0
174,순천,전남광주통합특별시,2026,한파일수,0.0
168,여수,전남광주통합특별시,2016,열대야일수,31.0
168,여수,전남광주통합특별시,2017,열대야일수,25.0
168,여수,전남광주통합특별시,2018,열대야일수,40.0
168,여수,전남광주통합특별시,2019,열대야일수,25.0
168,여수,전남광주통합특별시,2020,열대야일수,24.0
168,여수,전남광주통합특별시,2021,열대야일수,29.0
168,여수,전남광주통합특별시,2022,열대야일수,28.0
168,여수,전남광주통합특별시,2023,열대야일수,25.0
168,여수,전남광주통합특별시,2024,열대야일수,59.0
168,여수,전남광주통합특별시,2025,열대야일수,46.0
168,여수,전남광주통합특별시,2026,열대야일수,28.0
168,여수,전남광주통합특별시,2016,폭염일수,7.0
168,여수,전남광주통합특별시,2017,폭염일수,3.0
168,여수,전남광주통합특별시,2018,폭염일수,12.0
168,여수,전남광주통합특별시,2019,폭염일수,3.0
168,여수,전남광주통합특별시,2020,폭염일수,0.0
168,여수,전남광주통합특별시,2021,폭염일수,3.0
168,여수,전남광주통합특별시,2022,폭염일수,0.0
168,여수,전남광주통합특별시,2023,폭염일수,3.0
168,여수,전남광주통합특별시,2024,폭염일수,12.0
168,여수,전남광주통합특별시,2025,폭염일수,3.0
168,여수,전남광주통합특별시,2026,폭염일수,8.0
168,여수,전남광주통합특별시,2016,한파일수,0.0
168,여수,전남광주통합특별시,2017,한파일수,0.0
168,여수,전남광주통합특별시,2018,한파일수,0.0
168,여수,전남광주통합특별시,2019,한파일수,0.0
168,여수,전남광주통합특별시,2020,한파일수,0.0
168,여수,전남광주통합특별시,2021,한파일수,0.0
168,여수,전남광주통합특별시,2022,한파일수,0.0
168,여수,전남광주통합특별시,2023,한파일수,0.0
168,여수,전남광주통합특별시,2024,한파일수,0.0
168,여수,전남광주통합특별시,2025,한파일수,0.0
168,여수,전남광주통합특별시,2026,한파일수,0.0
252,영광군,전남광주통합특별시,2016,열대야일수,9.0
252,영광군,전남광주통합특별시,2017,열대야일수,17.0
252,영광군,전남광주통합특별시,2018,열대야일수,19.0
252,영광군,전남광주통합특별시,2019,열대야일수,12.0
252,영광군,전남광주통합특별시,2020,열대야일수,14.0
252,영광군,전남광주통합특별시,2021,열대야일수,2.0
252,영광군,전남광주통합특별시,2022,열대야일수,24.0
252,영광군,전남광주통합특별시,2023,열대야일수,6.0
252,영광군,전남광주통합특별시,2024,열대야일수,35.0
252,영광군,전남광주통합특별시,2025,열대야일수,20.0
252,영광군,전남광주통합특별시,2026,열대야일수,16.0
252,영광군,전남광주통합특별시,2016,폭염일수,28.0
252,영광군,전남광주통합특별시,2017,폭염일수,13.0
252,영광군,전남광주통합특별시,2018,폭염일수,37.0
252,영광군,전남광주통합특별시,2019,폭염일수,11.0
252,영광군,전남광주통합특별시,2020,폭염일수,5.0
252,영광군,전남광주통합특별시,2021,폭염일수,17.0
252,영광군,전남광주통합특별시,2022,폭염일수,9.0
252,영광군,전남광주통합특별시,2023,폭염일수,16.0
252,영광군,전남광주통합특별시,2024,폭염일수,33.0
252,영광군,전남광주통합특별시,2025,폭염일수,39.0
252,영광군,전남광주통합특별시,2026,폭염일수,13.0
252,영광군,전남광주통합특별시,2016,한파일수,2.0
252,영광군,전남광주통합특별시,2017,한파일수,0.0
252,영광군,전남광주통합특별시,2018,한파일수,6.0
252,영광군,전남광주통합특별시,2019,한파일수,0.0
252,영광군,전남광주통합특별시,2020,한파일수,0.0
252,영광군,전남광주통합특별시,2021,한파일수,3.0
252,영광군,전남광주통합특별시,2022,한파일수,0.0
252,영광군,전남광주통합특별시,2023,한파일수,1.0
252,영광군,전남광주통합특별시,2024,한파일수,0.0
252,영광군,전남광주통합특별시,2025,한파일수,0.0
252,영광군,전남광주통합특별시,2026,한파일수,0.0
170,완도,전남광주통합특별시,2016,열대야일수,10.0
170,완도,전남광주통합특별시,2017,열대야일수,20.0
170,완도,전남광주통합특별시,2018,열대야일수,28.0
170,완도,전남광주통합특별시,2019,열대야일수,9.0
170,완도,전남광주통합특별시,2020,열대야일수,15.0
170,완도,전남광주통합특별시,2021,열대야일수,11.0
170,완도,전남광주통합특별시,2022,열대야일수,21.0
170,완도,전남광주통합특별시,2023,열대야일수,15.0
170,완도,전남광주통합특별시,2024,열대야일수,40.0
170,완도,전남광주통합특별시,2025,열대야일수,28.0
170,완도,전남광주통합특별시,2026,열대야일수,23.0
170,완도,전남광주통합특별시,2016,폭염일수,14.0
170,완도,전남광주통합특별시,2017,폭염일수,8.0
170,완도,전남광주통합특별시,2018,폭염일수,20.0
170,완도,전남광주통합특별시,2019,폭염일수,0.0
170,완도,전남광주통합특별시,2020,폭염일수,4.0
170,완도,전남광주통합특별시,2021,폭염일수,2.0
170,완도,전남광주통합특별시,2022,폭염일수,4.0
170,완도,전남광주통합특별시,2023,폭염일수,5.0
170,완도,전남광주통합특별시,2024,폭염일수,48.0
170,완도,전남광주통합특별시,2025,폭염일수,51.0
170,완도,전남광주통합특별시,2026,폭염일수,17.0
170,완도,전남광주통합특별시,2016,한파일수,0.0
170,완도,전남광주통합특별시,2017,한파일수,0.0
170,완도,전남광주통합특별시,2018,한파일수,0.0
170,완도,전남광주통합특별시,2019,한파일수,0.0
170,완도,전남광주통합특별시,2020,한파일수,0.0
170,완도,전남광주통합특별시,2021,한파일수,0.0
170,완도,전남광주통합특별시,2022,한파일수,0.0
170,완도,전남광주통합특별시,2023,한파일수,0.0
170,완도,전남광주통합특별시,2024,한파일수,0.0
170,완도,전남광주통합특별시,2025,한파일수,0.0
170,완도,전남광주통합특별시,2026,한파일수,0.0
260,장흥,전남광주통합특별시,2016,폭염일수,19.0
260,장흥,전남광주통합특별시,2017,폭염일수,11.0
260,장흥,전남광주통합특별시,2018,폭염일수,26.0
260,장흥,전남광주통합특별시,2019,폭염일수,10.0
260,장흥,전남광주통합특별시,2020,폭염일수,8.0
260,장흥,전남광주통합특별시,2021,폭염일수,4.0
260,장흥,전남광주통합특별시,2022,폭염일수,5.0
260,장흥,전남광주통합특별시,2023,폭염일수,10.0
260,장흥,전남광주통합특별시,2024,폭염일수,35.0
260,장흥,전남광주통합특별시,2025,폭염일수,37.0
260,장흥,전남광주통합특별시,2026,폭염일수,15.0
260,장흥,전남광주통합특별시,2016,한파일수,0.0
260,장흥,전남광주통합특별시,2017,한파일수,0.0
260,장흥,전남광주통합특별시,2018,한파일수,2.0
260,장흥,전남광주통합특별시,2019,한파일수,0.0
260,장흥,전남광주통합특별시,2020,한파일수,0.0
260,장흥,전남광주통합특별시,2021,한파일수,3.0
260,장흥,전남광주통합특별시,2022,한파일수,0.0
260,장흥,전남광주통합특별시,2023,한파일수,1.0
260,장흥,전남광주통합특별시,2024,한파일수,0.0
260,장흥,전남광주통합특별시,2025,한파일수,0.0
260,장흥,전남광주통합특별시,2026,한파일수,0.0
175,진도(첨찰산),전남광주통합특별시,2016,폭염일수,4.0
175,진도(첨찰산),전남광주통합특별시,2017,폭염일수,4.0
175,진도(첨찰산),전남광주통합특별시,2018,폭염일수,10.0
175,진도(첨찰산),전남광주통합특별시,2019,폭염일수,0.0
175,진도(첨찰산),전남광주통합특별시,2016,한파일수,1.0
175,진도(첨찰산),전남광주통합특별시,2017,한파일수,0.0
175,진도(첨찰산),전남광주통합특별시,2018,한파일수,2.0
175,진도(첨찰산),전남광주통합특별시,2019,한파일수,
268,진도군,전남광주통합특별시,2016,열대야일수,5.0
268,진도군,전남광주통합특별시,2017,열대야일수,17.0
268,진도군,전남광주통합특별시,2018,열대야일수,24.0
268,진도군,전남광주통합특별시,2019,열대야일수,8.0
268,진도군,전남광주통합특별시,2020,열대야일수,19.0
268,진도군,전남광주통합특별시,2021,열대야일수,7.0
268,진도군,전남광주통합특별시,2022,열대야일수,18.0
268,진도군,전남광주통합특별시,2023,열대야일수,9.0
268,진도군,전남광주통합특별시,2024,열대야일수,27.0
268,진도군,전남광주통합특별시,2025,열대야일수,15.0
268,진도군,전남광주통합특별시,2026,열대야일수,14.0
268,진도군,전남광주통합특별시,2016,한파일수,0.0
268,진도군,전남광주통합특별시,2017,한파일수,0.0
268,진도군,전남광주통합특별시,2018,한파일수,0.0
268,진도군,전남광주통합특별시,2019,한파일수,0.0
268,진도군,전남광주통합특별시,2020,한파일수,0.0
268,진도군,전남광주통합특별시,2021,한파일수,0.0
268,진도군,전남광주통합특별시,2022,한파일수,0.0
268,진도군,전남광주통합특별시,2023,한파일수,0.0
268,진도군,전남광주통합특별시,2024,한파일수,0.0
268,진도군,전남광주통합특별시,2025,한파일수,0.0
268,진도군,전남광주통합특별시,2026,한파일수,0.0
261,해남,전남광주통합특별시,2016,폭염일수,28.0
261,해남,전남광주통합특별시,2017,폭염일수,13.0
261,해남,전남광주통합특별시,2018,폭염일수,28.0
261,해남,전남광주통합특별시,2019,폭염일수,9.0
261,해남,전남광주통합특별시,2020,폭염일수,8.0
261,해남,전남광주통합특별시,2021,폭염일수,6.0
261,해남,전남광주통합특별시,2022,폭염일수,4.0
261,해남,전남광주통합특별시,2023,폭염일수,13.0
261,해남,전남광주통합특별시,2024,폭염일수,37.0
261,해남,전남광주통합특별시,2025,폭염일수,32.0
261,해남,전남광주통합특별시,2026,폭염일수,13.0
261,해남,전남광주통합특별시,2016,한파일수,0.0
261,해남,전남광주통합특별시,2017,한파일수,0.0
261,해남,전남광주통합특별시,2018,한파일수,3.0
261,해남,전남광주통합특별시,2019,한파일수,0.0
261,해남,전남광주통합특별시,2020,한파일수,0.0
261,해남,전남광주통합특별시,2021,한파일수,3.0
261,해남,전남광주통합특별시,2022,한파일수,1.0
261,해남,전남광주통합특별시,2023,한파일수,1.0
261,해남,전남광주통합특별시,2024,한파일수,0.0
261,해남,전남광주통합특별시,2025,한파일수,0.0
261,해남,전남광주통합특별시,2026,한파일수,0.0
169,흑산도,전남광주통합특별시,2016,폭염일수,0.0
169,흑산도,전남광주통합특별시,2017,폭염일수,1.0
169,흑산도,전남광주통합특별시,2018,폭염일수,6.0
169,흑산도,전남광주통합특별시,2019,폭염일수,0.0
169,흑산도,전남광주통합특별시,2020,폭염일수,1.0
169,흑산도,전남광주통합특별시,2021,폭염일수,0.0
169,흑산도,전남광주통합특별시,2022,폭염일수,0.0
169,흑산도,전남광주통합특별시,2023,폭염일수,0.0
169,흑산도,전남광주통합특별시,2024,폭염일수,25.0
169,흑산도,전남광주통합특별시,2025,폭염일수,20.0
169,흑산도,전남광주통합특별시,2026,폭염일수,9.0
169,흑산도,전남광주통합특별시,2016,한파일수,0.0
169,흑산도,전남광주통합특별시,2017,한파일수,0.0
169,흑산도,전남광주통합특별시,2018,한파일수,0.0
169,흑산도,전남광주통합특별시,2019,한파일수,0.0
169,흑산도,전남광주통합특별시,2020,한파일수,0.0
169,흑산도,전남광주통합특별시,2021,한파일수,0.0
169,흑산도,전남광주통합특별시,2022,한파일수,0.0
169,흑산도,전남광주통합특별시,2023,한파일수,0.0
169,흑산도,전남광주통합특별시,2024,한파일수,0.0
169,흑산도,전남광주통합특별시,2025,한파일수,0.0
169,흑산도,전남광주통합특별시,2026,한파일수,0.0
172,고창,전북특별자치도,2016,열대야일수,5.0
172,고창,전북특별자치도,2017,열대야일수,16.0
172,고창,전북특별자치도,2018,열대야일수,15.0
172,고창,전북특별자치도,2019,열대야일수,12.0
172,고창,전북특별자치도,2020,열대야일수,13.0
172,고창,전북특별자치도,2021,열대야일수,3.0
172,고창,전북특별자치도,2022,열대야일수,23.0
172,고창,전북특별자치도,2023,열대야일수,2.0
172,고창,전북특별자치도,2024,열대야일수,34.0
172,고창,전북특별자치도,2025,열대야일수,19.0
172,고창,전북특별자치도,2026,열대야일수,17.0
172,고창,전북특별자치도,2016,폭염일수,24.0
172,고창,전북특별자치도,2017,폭염일수,10.0
172,고창,전북특별자치도,2018,폭염일수,33.0
172,고창,전북특별자치도,2019,폭염일수,9.0
172,고창,전북특별자치도,2020,폭염일수,8.0
172,고창,전북특별자치도,2021,폭염일수,17.0
172,고창,전북특별자치도,2022,폭염일수,9.0
172,고창,전북특별자치도,2023,폭염일수,17.0
172,고창,전북특별자치도,2024,폭염일수,39.0
172,고창,전북특별자치도,2025,폭염일수,33.0
172,고창,전북특별자치도,2026,폭염일수,15.0
172,고창,전북특별자치도,2016,한파일수,1.0
172,고창,전북특별자치도,2017,한파일수,0.0
172,고창,전북특별자치도,2018,한파일수,7.0
172,고창,전북특별자치도,2019,한파일수,0.0
172,고창,전북특별자치도,2020,한파일수,0.0
172,고창,전북특별자치도,2021,한파일수,3.0
172,고창,전북특별자치도,2022,한파일수,0.0
172,고창,전북특별자치도,2023,한파일수,2.0
172,고창,전북특별자치도,2024,한파일수,0.0
172,고창,전북특별자치도,2025,한파일수,1.0
172,고창,전북특별자치도,2026,한파일수,0.0
251,고창군,전북특별자치도,2016,열대야일수,6.0
251,고창군,전북특별자치도,2017,열대야일수,22.0
251,고창군,전북특별자치도,2018,열대야일수,4.0
251,고창군,전북특별자치도,2019,열대야일수,9.0
251,고창군,전북특별자치도,2020,열대야일수,13.0
251,고창군,전북특별자치도,2021,열대야일수,3.0
251,고창군,전북특별자치도,2022,열대야일수,20.0
251,고창군,전북특별자치도,2023,열대야일수,4.0
251,고창군,전북특별자치도,2024,열대야일수,27.0
251,고창군,전북특별자치도,2025,열대야일수,11.0
251,고창군,전북특별자치도,2026,열대야일수,12.0
251,고창군,전북특별자치도,2016,폭염일수,36.0
251,고창군,전북특별자치도,2017,폭염일수,22.0
251,고창군,전북특별자치도,2018,폭염일수,37.0
251,고창군,전북특별자치도,2019,폭염일수,11.0
251,고창군,전북특별자치도,2020,폭염일수,14.0
251,고창군,전북특별자치도,2021,폭염일수,19.0
251,고창군,전북특별자치도,2022,폭염일수,11.0
251,고창군,전북특별자치도,2023,폭염일수,20.0
251,고창군,전북특별자치도,2024,폭염일수,44.0
251,고창군,전북특별자치도,2025,폭염일수,42.0
251,고창군,전북특별자치도,2026,폭염일수,14.0
251,고창군,전북특별자치도,2016,한파일수,2.0
251,고창군,전북특별자치도,2017,한파일수,0.0
251,고창군,전북특별자치도,2018,한파일수,6.0
251,고창군,전북특별자치도,2019,한파일수,0.0
251,고창군,전북특별자치도,2020,한파일수,0.0
251,고창군,전북특별자치도,2021,한파일수,3.0
251,고창군,전북특별자치도,2022,한파일수,0.0
251,고창군,전북특별자치도,2023,한파일수,1.0
251,고창군,전북특별자치도,2024,한파일수,0.0
251,고창군,전북특별자치도,2025,한파일수,1.0
251,고창군,전북특별자치도,2026,한파일수,0.0
140,군산,전북특별자치도,2016,열대야일수,14.0
140,군산,전북특별자치도,2017,열대야일수,15.0
140,군산,전북특별자치도,2018,열대야일수,25.0
140,군산,전북특별자치도,2019,열대야일수,17.0
140,군산,전북특별자치도,2020,열대야일수,14.0
140,군산,전북특별자치도,2021,열대야일수,3.0
140,군산,전북특별자치도,2022,열대야일수,19.0
140,군산,전북특별자치도,2023,열대야일수,10.0
140,군산,전북특별자치도,2024,열대야일수,39.0
140,군산,전북특별자치도,2025,열대야일수,18.0
140,군산,전북특별자치도,2026,열대야일수,21.0
140,군산,전북특별자치도,2016,폭염일수,12.0
140,군산,전북특별자치도,2017,폭염일수,8.0
140,군산,전북특별자치도,2018,폭염일수,24.0
140,군산,전북특별자치도,2019,폭염일수,10.0
140,군산,전북특별자치도,2020,폭염일수,5.0
140,군산,전북특별자치도,2021,폭염일수,8.0
140,군산,전북특별자치도,2022,폭염일수,6.0
140,군산,전북특별자치도,2023,폭염일수,12.0
140,군산,전북특별자치도,2024,폭염일수,27.0
140,군산,전북특별자치도,2025,폭염일수,21.0
140,군산,전북특별자치도,2026,폭염일수,10.0
140,군산,전북특별자치도,2016,한파일수,3.0
140,군산,전북특별자치도,2017,한파일수,0.0
140,군산,전북특별자치도,2018,한파일수,6.0
140,군산,전북특별자치도,2019,한파일수,0.0
140,군산,전북특별자치도,2020,한파일수,0.0
140,군산,전북특별자치도,2021,한파일수,3.0
140,군산,전북특별자치도,2022,한파일수,0.0
140,군산,전북특별자치도,2023,한파일수,2.0
140,군산,전북특별자치도,2024,한파일수,0.0
140,군산,전북특별자치도,2025,한파일수,1.0
140,군산,전북특별자치도,2026,한파일수,0.0
247,남원,전북특별자치도,2016,열대야일수,2.0
247,남원,전북특별자치도,2017,열대야일수,4.0
247,남원,전북특별자치도,2018,열대야일수,5.0
247,남원,전북특별자치도,2019,열대야일수,5.0
247,남원,전북특별자치도,2020,열대야일수,4.0
247,남원,전북특별자치도,2021,열대야일수,0.0
247,남원,전북특별자치도,2022,열대야일수,11.0
247,남원,전북특별자치도,2023,열대야일수,6.0
247,남원,전북특별자치도,2024,열대야일수,17.0
247,남원,전북특별자치도,2025,열대야일수,11.0
247,남원,전북특별자치도,2026,열대야일수,14.0
247,남원,전북특별자치도,2016,폭염일수,30.0
247,남원,전북특별자치도,2017,폭염일수,18.0
247,남원,전북특별자치도,2018,폭염일수,38.0
247,남원,전북특별자치도,2019,폭염일수,13.0
247,남원,전북특별자치도,2020,폭염일수,10.0
247,남원,전북특별자치도,2021,폭염일수,15.0
247,남원,전북특별자치도,2022,폭염일수,14.0
247,남원,전북특별자치도,2023,폭염일수,22.0
247,남원,전북특별자치도,2024,폭염일수,44.0
247,남원,전북특별자치도,2025,폭염일수,40.0
247,남원,전북특별자치도,2026,폭염일수,18.0
247,남원,전북특별자치도,2016,한파일수,4.0
247,남원,전북특별자치도,2017,한파일수,3.0
247,남원,전북특별자치도,2018,한파일수,11.0
247,남원,전북특별자치도,2019,한파일수,0.0
247,남원,전북특별자치도,2020,한파일수,1.0
247,남원,전북특별자치도,2021,한파일수,4.0
247,남원,전북특별자치도,2022,한파일수,2.0
247,남원,전북특별자치도,2023,한파일수,2.0
247,남원,전북특별자치도,2024,한파일수,0.0
247,남원,전북특별자치도,2025,한파일수,2.0
247,남원,전북특별자치도,2026,한파일수,0.0
243,부안,전북특별자치도,2016,열대야일수,10.0
243,부안,전북특별자치도,2017,열대야일수,18.0
243,부안,전북특별자치도,2018,열대야일수,28.0
243,부안,전북특별자치도,2019,열대야일수,16.0
243,부안,전북특별자치도,2020,열대야일수,13.0
243,부안,전북특별자치도,2021,열대야일수,3.0
243,부안,전북특별자치도,2022,열대야일수,21.0
243,부안,전북특별자치도,2023,열대야일수,11.0
243,부안,전북특별자치도,2024,열대야일수,36.0
243,부안,전북특별자치도,2025,열대야일수,17.0
243,부안,전북특별자치도,2026,열대야일수,18.0
243,부안,전북특별자치도,2016,폭염일수,28.0
243,부안,전북특별자치도,2017,폭염일수,14.0
243,부안,전북특별자치도,2018,폭염일수,38.0
243,부안,전북특별자치도,2019,폭염일수,17.0
243,부안,전북특별자치도,2020,폭염일수,4.0
243,부안,전북특별자치도,2021,폭염일수,12.0
243,부안,전북특별자치도,2022,폭염일수,9.0
243,부안,전북특별자치도,2023,폭염일수,16.0
243,부안,전북특별자치도,2024,폭염일수,32.0
243,부안,전북특별자치도,2025,폭염일수,30.0
243,부안,전북특별자치도,2026,폭염일수,16.0
243,부안,전북특별자치도,2016,한파일수,4.0
243,부안,전북특별자치도,2017,한파일수,0.0
243,부안,전북특별자치도,2018,한파일수,7.0
243,부안,전북특별자치도,2019,한파일수,0.0
243,부안,전북특별자치도,2020,한파일수,0.0
243,부안,전북특별자치도,2021,한파일수,3.0
243,부안,전북특별자치도,2022,한파일수,0.0
243,부안,전북특별자치도,2023,한파일수,1.0
243,부안,전북특별자치도,2024,한파일수,0.0
243,부안,전북특별자치도,2025,한파일수,1.0
243,부안,전북특별자치도,2026,한파일수,0.0
254,순창군,전북특별자치도,2016,열대야일수,0.0
254,순창군,전북특별자치도,2017,열대야일수,4.0
254,순창군,전북특별자치도,2018,열대야일수,4.0
254,순창군,전북특별자치도,2019,열대야일수,2.0
254,순창군,전북특별자치도,2020,열대야일수,3.0
254,순창군,전북특별자치도,2021,열대야일수,0.0
254,순창군,전북특별자치도,2022,열대야일수,18.0
254,순창군,전북특별자치도,2023,열대야일수,2.0
254,순창군,전북특별자치도,2024,열대야일수,19.0
254,순창군,전북특별자치도,2025,열대야일수,6.0
254,순창군,전북특별자치도,2026,열대야일수,12.0
254,순창군,전북특별자치도,2016,폭염일수,20.0
254,순창군,전북특별자치도,2017,폭염일수,14.0
254,순창군,전북특별자치도,2018,폭염일수,40.0
254,순창군,전북특별자치도,2019,폭염일수,16.0
254,순창군,전북특별자치도,2020,폭염일수,11.0
254,순창군,전북특별자치도,2021,폭염일수,20.0
254,순창군,전북특별자치도,2022,폭염일수,19.0
254,순창군,전북특별자치도,2023,폭염일수,27.0
254,순창군,전북특별자치도,2024,폭염일수,44.0
254,순창군,전북특별자치도,2025,폭염일수,43.0
254,순창군,전북특별자치도,2026,폭염일수,17.0
254,순창군,전북특별자치도,2016,한파일수,4.0
254,순창군,전북특별자치도,2017,한파일수,8.0
254,순창군,전북특별자치도,2018,한파일수,10.0
254,순창군,전북특별자치도,2019,한파일수,0.0
254,순창군,전북특별자치도,2020,한파일수,1.0
254,순창군,전북특별자치도,2021,한파일수,3.0
254,순창군,전북특별자치도,2022,한파일수,3.0
254,순창군,전북특별자치도,2023,한파일수,1.0
254,순창군,전북특별자치도,2024,한파일수,0.0
254,순창군,전북특별자치도,2025,한파일수,3.0
254,순창군,전북특별자치도,2026,한파일수,0.0
244,임실,전북특별자치도,2016,열대야일수,0.0
244,임실,전북특별자치도,2017,열대야일수,0.0
244,임실,전북특별자치도,2018,열대야일수,2.0
244,임실,전북특별자치도,2019,열대야일수,1.0
244,임실,전북특별자치도,2020,열대야일수,0.0
244,임실,전북특별자치도,2021,열대야일수,0.0
244,임실,전북특별자치도,2022,열대야일수,1.0
244,임실,전북특별자치도,2023,열대야일수,0.0
244,임실,전북특별자치도,2024,열대야일수,8.0
244,임실,전북특별자치도,2025,열대야일수,1.0
244,임실,전북특별자치도,2026,열대야일수,4.0
244,임실,전북특별자치도,2016,폭염일수,29.0
244,임실,전북특별자치도,2017,폭염일수,13.0
244,임실,전북특별자치도,2018,폭염일수,38.0
244,임실,전북특별자치도,2019,폭염일수,10.0
244,임실,전북특별자치도,2020,폭염일수,0.0
244,임실,전북특별자치도,2021,폭염일수,3.0
244,임실,전북특별자치도,2022,폭염일수,4.0
244,임실,전북특별자치도,2023,폭염일수,10.0
244,임실,전북특별자치도,2024,폭염일수,21.0
244,임실,전북특별자치도,2025,폭염일수,24.0
244,임실,전북특별자치도,2026,폭염일수,11.0
244,임실,전북특별자치도,2016,한파일수,7.0
244,임실,전북특별자치도,2017,한파일수,9.0
244,임실,전북특별자치도,2018,한파일수,17.0
244,임실,전북특별자치도,2019,한파일수,2.0
244,임실,전북특별자치도,2020,한파일수,1.0
244,임실,전북특별자치도,2021,한파일수,7.0
244,임실,전북특별자치도,2022,한파일수,6.0
244,임실,전북특별자치도,2023,한파일수,4.0
244,임실,전북특별자치도,2024,한파일수,0.0
244,임실,전북특별자치도,2025,한파일수,8.0
244,임실,전북특별자치도,2026,한파일수,0.0
248,장수,전북특별자치도,2016,열대야일수,0.0
248,장수,전북특별자치도,2017,열대야일수,0.0
248,장수,전북특별자치도,2018,열대야일수,1.0
248,장수,전북특별자치도,2019,열대야일수,1.0
248,장수,전북특별자치도,2020,열대야일수,0.0
248,장수,전북특별자치도,2021,열대야일수,0.0
248,장수,전북특별자치도,2022,열대야일수,2.0
248,장수,전북특별자치도,2023,열대야일수,0.0
248,장수,전북특별자치도,2024,열대야일수,4.0
248,장수,전북특별자치도,2025,열대야일수,0.0
248,장수,전북특별자치도,2026,열대야일수,0.0
248,장수,전북특별자치도,2016,폭염일수,12.0
248,장수,전북특별자치도,2017,폭염일수,3.0
248,장수,전북특별자치도,2018,폭염일수,25.0
248,장수,전북특별자치도,2019,폭염일수,5.0
248,장수,전북특별자치도,2020,폭염일수,1.0
248,장수,전북특별자치도,2021,폭염일수,1.0
248,장수,전북특별자치도,2022,폭염일수,1.0
248,장수,전북특별자치도,2023,폭염일수,6.0
248,장수,전북특별자치도,2024,폭염일수,7.0
248,장수,전북특별자치도,2025,폭염일수,12.0
248,장수,전북특별자치도,2026,폭염일수,7.0
248,장수,전북특별자치도,2016,한파일수,9.0
248,장수,전북특별자치도,2017,한파일수,10.0
248,장수,전북특별자치도,2018,한파일수,18.0
248,장수,전북특별자치도,2019,한파일수,4.0
248,장수,전북특별자치도,2020,한파일수,2.0
248,장수,전북특별자치도,2021,한파일수,12.0
248,장수,전북특별자치도,2022,한파일수,19.0
248,장수,전북특별자치도,2023,한파일수,10.0
248,장수,전북특별자치도,2024,한파일수,2.0
248,장수,전북특별자치도,2025,한파일수,12.0
248,장수,전북특별자치도,2026,한파일수,11.0
146,전주,전북특별자치도,2016,열대야일수,16.0
146,전주,전북특별자치도,2017,열대야일수,16.0
146,전주,전북특별자치도,2018,열대야일수,27.0
146,전주,전북특별자치도,2019,열대야일수,20.0
146,전주,전북특별자치도,2020,열대야일수,15.0
146,전주,전북특별자치도,2021,열대야일수,9.0
146,전주,전북특별자치도,2022,열대야일수,23.0
146,전주,전북특별자치도,2023,열대야일수,19.0
146,전주,전북특별자치도,2024,열대야일수,41.0
146,전주,전북특별자치도,2025,열대야일수,36.0
146,전주,전북특별자치도,2026,열대야일수,24.0
146,전주,전북특별자치도,2016,폭염일수,32.0
146,전주,전북특별자치도,2017,폭염일수,12.0
146,전주,전북특별자치도,2018,폭염일수,41.0
146,전주,전북특별자치도,2019,폭염일수,17.0
146,전주,전북특별자치도,2020,폭염일수,16.0
146,전주,전북특별자치도,2021,폭염일수,20.0
146,전주,전북특별자치도,2022,폭염일수,15.0
146,전주,전북특별자치도,2023,폭염일수,21.0
146,전주,전북특별자치도,2024,폭염일수,46.0
146,전주,전북특별자치도,2025,폭염일수,48.0
146,전주,전북특별자치도,2026,폭염일수,24.0
146,전주,전북특별자치도,2016,한파일수,2.0
146,전주,전북특별자치도,2017,한파일수,0.0
146,전주,전북특별자치도,2018,한파일수,5.0
146,전주,전북특별자치도,2019,한파일수,0.0
146,전주,전북특별자치도,2020,한파일수,0.0
146,전주,전북특별자치도,2021,한파일수,3.0
146,전주,전북특별자치도,2022,한파일수,0.0
146,전주,전북특별자치도,2023,한파일수,1.0
146,전주,전북특별자치도,2024,한파일수,0.0
146,전주,전북특별자치도,2025,한파일수,0.0
146,전주,전북특별자치도,2026,한파일수,0.0
245,정읍,전북특별자치도,2016,열대야일수,15.0
245,정읍,전북특별자치도,2017,열대야일수,19.0
245,정읍,전북특별자치도,2018,열대야일수,10.0
245,정읍,전북특별자치도,2019,열대야일수,7.0
245,정읍,전북특별자치도,2020,열대야일수,8.0
245,정읍,전북특별자치도,2021,열대야일수,0.0
245,정읍,전북특별자치도,2022,열대야일수,20.0
245,정읍,전북특별자치도,2023,열대야일수,5.0
245,정읍,전북특별자치도,2024,열대야일수,35.0
245,정읍,전북특별자치도,2025,열대야일수,17.0
245,정읍,전북특별자치도,2026,열대야일수,15.0
245,정읍,전북특별자치도,2016,폭염일수,35.0
245,정읍,전북특별자치도,2017,폭염일수,17.0
245,정읍,전북특별자치도,2018,폭염일수,39.0
245,정읍,전북특별자치도,2019,폭염일수,12.0
245,정읍,전북특별자치도,2020,폭염일수,12.0
245,정읍,전북특별자치도,2021,폭염일수,17.0
245,정읍,전북특별자치도,2022,폭염일수,10.0
245,정읍,전북특별자치도,2023,폭염일수,18.0
245,정읍,전북특별자치도,2024,폭염일수,51.0
245,정읍,전북특별자치도,2025,폭염일수,49.0
245,정읍,전북특별자치도,2026,폭염일수,23.0
245,정읍,전북특별자치도,2016,한파일수,3.0
245,정읍,전북특별자치도,2017,한파일수,0.0
245,정읍,전북특별자치도,2018,한파일수,8.0
245,정읍,전북특별자치도,2019,한파일수,0.0
245,정읍,전북특별자치도,2020,한파일수,0.0
245,정읍,전북특별자치도,2021,한파일수,3.0
245,정읍,전북특별자치도,2022,한파일수,0.0
245,정읍,전북특별자치도,2023,한파일수,1.0
245,정읍,전북특별자치도,2024,한파일수,0.0
245,정읍,전북특별자치도,2025,한파일수,1.0
245,정읍,전북특별자치도,2026,한파일수,0.0
185,고산,제주특별자치도,2016,열대야일수,35.0
185,고산,제주특별자치도,2017,열대야일수,39.0
185,고산,제주특별자치도,2018,열대야일수,40.0
185,고산,제주특별자치도,2019,열대야일수,24.0
185,고산,제주특별자치도,2020,열대야일수,34.0
185,고산,제주특별자치도,2021,열대야일수,33.0
185,고산,제주특별자치도,2022,열대야일수,38.0
185,고산,제주특별자치도,2023,열대야일수,29.0
185,고산,제주특별자치도,2024,열대야일수,51.0
185,고산,제주특별자치도,2025,열대야일수,53.0
185,고산,제주특별자치도,2026,열대야일수,27.0
185,고산,제주특별자치도,2016,폭염일수,6.0
185,고산,제주특별자치도,2017,폭염일수,8.0
185,고산,제주특별자치도,2018,폭염일수,10.0
185,고산,제주특별자치도,2019,폭염일수,0.0
185,고산,제주특별자치도,2020,폭염일수,0.0
185,고산,제주특별자치도,2021,폭염일수,3.0
185,고산,제주특별자치도,2022,폭염일수,1.0
185,고산,제주특별자치도,2023,폭염일수,1.0
185,고산,제주특별자치도,2024,폭염일수,7.0
185,고산,제주특별자치도,2025,폭염일수,7.0
185,고산,제주특별자치도,2026,폭염일수,2.0
185,고산,제주특별자치도,2016,한파일수,0.0
185,고산,제주특별자치도,2017,한파일수,0.0
185,고산,제주특별자치도,2018,한파일수,0.0
185,고산,제주특별자치도,2019,한파일수,0.0
185,고산,제주특별자치도,2020,한파일수,0.0
185,고산,제주특별자치도,2021,한파일수,0.0
185,고산,제주특별자치도,2022,한파일수,0.0
185,고산,제주특별자치도,2023,한파일수,0.0
185,고산,제주특별자치도,2024,한파일수,0.0
185,고산,제주특별자치도,2025,한파일수,0.0
185,고산,제주특별자치도,2026,한파일수,0.0
189,서귀포,제주특별자치도,2016,열대야일수,35.0
189,서귀포,제주특별자치도,2017,열대야일수,47.0
189,서귀포,제주특별자치도,2018,열대야일수,40.0
189,서귀포,제주특별자치도,2019,열대야일수,24.0
189,서귀포,제주특별자치도,2020,열대야일수,29.0
189,서귀포,제주특별자치도,2021,열대야일수,34.0
189,서귀포,제주특별자치도,2022,열대야일수,44.0
189,서귀포,제주특별자치도,2023,열대야일수,39.0
189,서귀포,제주특별자치도,2024,열대야일수,68.0
189,서귀포,제주특별자치도,2025,열대야일수,79.0
189,서귀포,제주특별자치도,2026,열대야일수,30.0
189,서귀포,제주특별자치도,2016,폭염일수,1.0
189,서귀포,제주특별자치도,2017,폭염일수,5.0
189,서귀포,제주특별자치도,2018,폭염일수,3.0
189,서귀포,제주특별자치도,2019,폭염일수,0.0
189,서귀포,제주특별자치도,2020,폭염일수,0.0
189,서귀포,제주특별자치도,2021,폭염일수,0.0
189,서귀포,제주특별자치도,2022,폭염일수,1.0
189,서귀포,제주특별자치도,2023,폭염일수,3.0
189,서귀포,제주특별자치도,2024,폭염일수,26.0
189,서귀포,제주특별자치도,2025,폭염일수,25.0
189,서귀포,제주특별자치도,2026,폭염일수,13.0
189,서귀포,제주특별자치도,2016,한파일수,0.0
189,서귀포,제주특별자치도,2017,한파일수,0.0
189,서귀포,제주특별자치도,2018,한파일수,0.0
189,서귀포,제주특별자치도,2019,한파일수,0.0
189,서귀포,제주특별자치도,2020,한파일수,0.0
189,서귀포,제주특별자치도,2021,한파일수,0.0
189,서귀포,제주특별자치도,2022,한파일수,0.0
189,서귀포,제주특별자치도,2023,한파일수,0.0
189,서귀포,제주특별자치도,2024,한파일수,0.0
189,서귀포,제주특별자치도,2025,한파일수,0.0
189,서귀포,제주특별자치도,2026,한파일수,0.0
188,성산,제주특별자치도,2016,열대야일수,33.0
188,성산,제주특별자치도,2017,열대야일수,30.0
188,성산,제주특별자치도,2018,열대야일수,29.0
188,성산,제주특별자치도,2019,열대야일수,17.0
188,성산,제주특별자치도,2020,열대야일수,26.0
188,성산,제주특별자치도,2021,열대야일수,31.0
188,성산,제주특별자치도,2022,열대야일수,32.0
188,성산,제주특별자치도,2023,열대야일수,35.0
188,성산,제주특별자치도,2024,열대야일수,60.0
188,성산,제주특별자치도,2025,열대야일수,47.0
188,성산,제주특별자치도,2026,열대야일수,20.0
188,성산,제주특별자치도,2016,폭염일수,11.0
188,성산,제주특별자치도,2017,폭염일수,11.0
188,성산,제주특별자치도,2018,폭염일수,8.0
188,성산,제주특별자치도,2019,폭염일수,0.0
188,성산,제주특별자치도,2020,폭염일수,1.0
188,성산,제주특별자치도,2021,폭염일수,0.0
188,성산,제주특별자치도,2022,폭염일수,7.0
188,성산,제주특별자치도,2023,폭염일수,0.0
188,성산,제주특별자치도,2024,폭염일수,10.0
188,성산,제주특별자치도,2025,폭염일수,8.0
188,성산,제주특별자치도,2026,폭염일수,7.0
188,성산,제주특별자치도,2016,한파일수,0.0
188,성산,제주특별자치도,2017,한파일수,0.0
188,성산,제주특별자치도,2018,한파일수,0.0
188,성산,제주특별자치도,2019,한파일수,0.0
188,성산,제주특별자치도,2020,한파일수,0.0
188,성산,제주특별자치도,2021,한파일수,0.0
188,성산,제주특별자치도,2022,한파일수,0.0
188,성산,제주특별자치도,2023,한파일수,0.0
188,성산,제주특별자치도,2024,한파일수,0.0
188,성산,제주특별자치도,2025,한파일수,0.0
188,성산,제주특별자치도,2026,한파일수,0.0
184,제주,제주특별자치도,2016,열대야일수,43.0
184,제주,제주특별자치도,2017,열대야일수,50.0
184,제주,제주특별자치도,2018,열대야일수,42.0
184,제주,제주특별자치도,2019,열대야일수,34.0
184,제주,제주특별자치도,2020,열대야일수,37.0
184,제주,제주특별자치도,2021,열대야일수,46.0
184,제주,제주특별자치도,2022,열대야일수,56.0
184,제주,제주특별자치도,2023,열대야일수,50.0
184,제주,제주특별자치도,2024,열대야일수,75.0
184,제주,제주특별자치도,2025,열대야일수,73.0
184,제주,제주특별자치도,2026,열대야일수,31.0
184,제주,제주특별자치도,2016,폭염일수,15.0
184,제주,제주특별자치도,2017,폭염일수,23.0
184,제주,제주특별자치도,2018,폭염일수,15.0
184,제주,제주특별자치도,2019,폭염일수,6.0
184,제주,제주특별자치도,2020,폭염일수,14.0
184,제주,제주특별자치도,2021,폭염일수,12.0
184,제주,제주특별자치도,2022,폭염일수,28.0
184,제주,제주특별자치도,2023,폭염일수,22.0
184,제주,제주특별자치도,2024,폭염일수,42.0
184,제주,제주특별자치도,2025,폭염일수,31.0
184,제주,제주특별자치도,2026,폭염일수,18.0
184,제주,제주특별자치도,2016,한파일수,0.0
184,제주,제주특별자치도,2017,한파일수,0.0
184,제주,제주특별자치도,2018,한파일수,0.0
184,제주,제주특별자치도,2019,한파일수,0.0
184,제주,제주특별자치도,2020,한파일수,0.0
184,제주,제주특별자치도,2021,한파일수,0.0
184,제주,제주특별자치도,2022,한파일수,0.0
184,제주,제주특별자치도,2023,한파일수,0.0
184,제주,제주특별자치도,2024,한파일수,0.0
184,제주,제주특별자치도,2025,한파일수,0.0
184,제주,제주특별자치도,2026,한파일수,0.0
238,금산,충청남도,2016,열대야일수,2.0
238,금산,충청남도,2017,열대야일수,3.0
238,금산,충청남도,2018,열대야일수,6.0
238,금산,충청남도,2019,열대야일수,2.0
238,금산,충청남도,2020,열대야일수,3.0
238,금산,충청남도,2021,열대야일수,0.0
238,금산,충청남도,2022,열대야일수,3.0
238,금산,충청남도,2023,열대야일수,2.0
238,금산,충청남도,2024,열대야일수,14.0
238,금산,충청남도,2025,열대야일수,4.0
238,금산,충청남도,2026,열대야일수,7.0
238,금산,충청남도,2016,폭염일수,32.0
238,금산,충청남도,2017,폭염일수,12.0
238,금산,충청남도,2018,폭염일수,42.0
238,금산,충청남도,2019,폭염일수,15.0
238,금산,충청남도,2020,폭염일수,8.0
238,금산,충청남도,2021,폭염일수,16.0
238,금산,충청남도,2022,폭염일수,11.0
238,금산,충청남도,2023,폭염일수,16.0
238,금산,충청남도,2024,폭염일수,39.0
238,금산,충청남도,2025,폭염일수,32.0
238,금산,충청남도,2026,폭염일수,23.0
238,금산,충청남도,2016,한파일수,4.0
238,금산,충청남도,2017,한파일수,12.0
238,금산,충청남도,2018,한파일수,20.0
238,금산,충청남도,2019,한파일수,2.0
238,금산,충청남도,2020,한파일수,2.0
238,금산,충청남도,2021,한파일수,9.0
238,금산,충청남도,2022,한파일수,11.0
238,금산,충청남도,2023,한파일수,7.0
238,금산,충청남도,2024,한파일수,0.0
238,금산,충청남도,2025,한파일수,4.0
238,금산,충청남도,2026,한파일수,1.0
235,보령,충청남도,2016,열대야일수,13.0
235,보령,충청남도,2017,열대야일수,13.0
235,보령,충청남도,2018,열대야일수,26.0
235,보령,충청남도,2019,열대야일수,15.0
235,보령,충청남도,2020,열대야일수,12.0
235,보령,충청남도,2021,열대야일수,2.0
235,보령,충청남도,2022,열대야일수,19.0
235,보령,충청남도,2023,열대야일수,10.0
235,보령,충청남도,2024,열대야일수,36.0
235,보령,충청남도,2025,열대야일수,28.0
235,보령,충청남도,2026,열대야일수,19.0
235,보령,충청남도,2016,폭염일수,7.0
235,보령,충청남도,2017,폭염일수,3.0
235,보령,충청남도,2018,폭염일수,25.0
235,보령,충청남도,2019,폭염일수,7.0
235,보령,충청남도,2020,폭염일수,2.0
235,보령,충청남도,2021,폭염일수,5.0
235,보령,충청남도,2022,폭염일수,5.0
235,보령,충청남도,2023,폭염일수,10.0
235,보령,충청남도,2024,폭염일수,30.0
235,보령,충청남도,2025,폭염일수,20.0
235,보령,충청남도,2026,폭염일수,9.0
235,보령,충청남도,2016,한파일수,1.0
235,보령,충청남도,2017,한파일수,0.0
235,보령,충청남도,2018,한파일수,5.0
235,보령,충청남도,2019,한파일수,0.0
235,보령,충청남도,2020,한파일수,0.0
235,보령,충청남도,2021,한파일수,3.0
235,보령,충청남도,2022,한파일수,0.0
235,보령,충청남도,2023,한파일수,1.0
235,보령,충청남도,2024,한파일수,0.0
235,보령,충청남도,2025,한파일수,1.0
235,보령,충청남도,2026,한파일수,0.0
236,부여,충청남도,2016,열대야일수,5.0
236,부여,충청남도,2017,열대야일수,8.0
236,부여,충청남도,2018,열대야일수,12.0
236,부여,충청남도,2019,열대야일수,10.0
236,부여,충청남도,2020,열대야일수,6.0
236,부여,충청남도,2021,열대야일수,1.0
236,부여,충청남도,2022,열대야일수,14.0
236,부여,충청남도,2023,열대야일수,4.0
236,부여,충청남도,2024,열대야일수,22.0
236,부여,충청남도,2025,열대야일수,10.0
236,부여,충청남도,2026,열대야일수,14.0
236,부여,충청남도,2016,폭염일수,31.0
236,부여,충청남도,2017,폭염일수,14.0
236,부여,충청남도,2018,폭염일수,36.0
236,부여,충청남도,2019,폭염일수,16.0
236,부여,충청남도,2020,폭염일수,10.0
236,부여,충청남도,2021,폭염일수,21.0
236,부여,충청남도,2022,폭염일수,14.0
236,부여,충청남도,2023,폭염일수,20.0
236,부여,충청남도,2024,폭염일수,39.0
236,부여,충청남도,2025,폭염일수,34.0
236,부여,충청남도,2026,폭염일수,14.0
236,부여,충청남도,2016,한파일수,3.0
236,부여,충청남도,2017,한파일수,5.0
236,부여,충청남도,2018,한파일수,13.0
236,부여,충청남도,2019,한파일수,0.0
236,부여,충청남도,2020,한파일수,1.0
236,부여,충청남도,2021,한파일수,6.0
236,부여,충청남도,2022,한파일수,2.0
236,부여,충청남도,2023,한파일수,3.0
236,부여,충청남도,2024,한파일수,0.0
236,부여,충청남도,2025,한파일수,2.0
236,부여,충청남도,2026,한파일수,1.0
129,서산,충청남도,2016,열대야일수,6.0
129,서산,충청남도,2017,열대야일수,8.0
129,서산,충청남도,2018,열대야일수,19.0
129,서산,충청남도,2019,열대야일수,8.0
129,서산,충청남도,2020,열대야일수,7.0
129,서산,충청남도,2021,열대야일수,1.0
129,서산,충청남도,2022,열대야일수,14.0
129,서산,충청남도,2023,열대야일수,6.0
129,서산,충청남도,2024,열대야일수,33.0
129,서산,충청남도,2025,열대야일수,21.0
129,서산,충청남도,2026,열대야일수,14.0
129,서산,충청남도,2016,폭염일수,16.0
129,서산,충청남도,2017,폭염일수,7.0
129,서산,충청남도,2018,폭염일수,26.0
129,서산,충청남도,2019,폭염일수,9.0
129,서산,충청남도,2020,폭염일수,5.0
129,서산,충청남도,2021,폭염일수,19.0
129,서산,충청남도,2022,폭염일수,6.0
129,서산,충청남도,2023,폭염일수,16.0
129,서산,충청남도,2024,폭염일수,24.0
129,서산,충청남도,2025,폭염일수,18.0
129,서산,충청남도,2026,폭염일수,8.0
129,서산,충청남도,2016,한파일수,2.0
129,서산,충청남도,2017,한파일수,2.0
129,서산,충청남도,2018,한파일수,9.0
129,서산,충청남도,2019,한파일수,0.0
129,서산,충청남도,2020,한파일수,0.0
129,서산,충청남도,2021,한파일수,5.0
129,서산,충청남도,2022,한파일수,5.0
129,서산,충청남도,2023,한파일수,4.0
129,서산,충청남도,2024,한파일수,0.0
129,서산,충청남도,2025,한파일수,1.0
129,서산,충청남도,2026,한파일수,0.0
232,천안,충청남도,2016,열대야일수,2.0
232,천안,충청남도,2017,열대야일수,3.0
232,천안,충청남도,2018,열대야일수,5.0
232,천안,충청남도,2019,열대야일수,2.0
232,천안,충청남도,2020,열대야일수,3.0
232,천안,충청남도,2021,열대야일수,1.0
232,천안,충청남도,2022,열대야일수,9.0
232,천안,충청남도,2023,열대야일수,3.0
232,천안,충청남도,2024,열대야일수,13.0
232,천안,충청남도,2025,열대야일수,2.0
232,천안,충청남도,2026,열대야일수,8.0
232,천안,충청남도,2016,폭염일수,17.0
232,천안,충청남도,2017,폭염일수,6.0
232,천안,충청남도,2018,폭염일수,31.0
232,천안,충청남도,2019,폭염일수,9.0
232,천안,충청남도,2020,폭염일수,1.0
232,천안,충청남도,2021,폭염일수,14.0
232,천안,충청남도,2022,폭염일수,9.0
232,천안,충청남도,2023,폭염일수,17.0
232,천안,충청남도,2024,폭염일수,20.0
232,천안,충청남도,2025,폭염일수,19.0
232,천안,충청남도,2026,폭염일수,10.0
232,천안,충청남도,2016,한파일수,5.0
232,천안,충청남도,2017,한파일수,12.0
232,천안,충청남도,2018,한파일수,22.0
232,천안,충청남도,2019,한파일수,4.0
232,천안,충청남도,2020,한파일수,6.0
232,천안,충청남도,2021,한파일수,14.0
232,천안,충청남도,2022,한파일수,15.0
232,천안,충청남도,2023,한파일수,10.0
232,천안,충청남도,2024,한파일수,3.0
232,천안,충청남도,2025,한파일수,6.0
232,천안,충청남도,2026,한파일수,9.0
177,홍성,충청남도,2016,열대야일수,6.0
177,홍성,충청남도,2017,열대야일수,9.0
177,홍성,충청남도,2018,열대야일수,14.0
177,홍성,충청남도,2019,열대야일수,5.0
177,홍성,충청남도,2020,열대야일수,10.0
177,홍성,충청남도,2021,열대야일수,1.0
177,홍성,충청남도,2022,열대야일수,17.0
177,홍성,충청남도,2023,열대야일수,4.0
177,홍성,충청남도,2024,열대야일수,29.0
177,홍성,충청남도,2025,열대야일수,18.0
177,홍성,충청남도,2026,열대야일수,16.0
177,홍성,충청남도,2016,폭염일수,22.0
177,홍성,충청남도,2017,폭염일수,6.0
177,홍성,충청남도,2018,폭염일수,32.0
177,홍성,충청남도,2019,폭염일수,8.0
177,홍성,충청남도,2020,폭염일수,3.0
177,홍성,충청남도,2021,폭염일수,12.0
177,홍성,충청남도,2022,폭염일수,8.0
177,홍성,충청남도,2023,폭염일수,15.0
177,홍성,충청남도,2024,폭염일수,24.0
177,홍성,충청남도,2025,폭염일수,27.0
177,홍성,충청남도,2026,폭염일수,14.0
177,홍성,충청남도,2016,한파일수,0.0
177,홍성,충청남도,2017,한파일수,0.0
177,홍성,충청남도,2018,한파일수,16.0
177,홍성,충청남도,2019,한파일수,0.0
177,홍성,충청남도,2020,한파일수,1.0
177,홍성,충청남도,2021,한파일수,5.0
177,홍성,충청남도,2022,한파일수,5.0
177,홍성,충청남도,2023,한파일수,6.0
177,홍성,충청남도,2024,한파일수,0.0
177,홍성,충청남도,2025,한파일수,3.0
177,홍성,충청남도,2026,한파일수,1.0
226,보은,충청북도,2016,열대야일수,0.0
226,보은,충청북도,2017,열대야일수,2.0
226,보은,충청북도,2018,열대야일수,3.0
226,보은,충청북도,2019,열대야일수,2.0
226,보은,충청북도,2020,열대야일수,0.0
226,보은,충청북도,2021,열대야일수,0.0
226,보은,충청북도,2022,열대야일수,3.0
226,보은,충청북도,2023,열대야일수,3.0
226,보은,충청북도,2024,열대야일수,4.0
226,보은,충청북도,2025,열대야일수,1.0
226,보은,충청북도,2026,열대야일수,3.0
226,보은,충청북도,2016,폭염일수,25.0
226,보은,충청북도,2017,폭염일수,9.0
226,보은,충청북도,2018,폭염일수,40.0
226,보은,충청북도,2019,폭염일수,19.0
226,보은,충청북도,2020,폭염일수,3.0
226,보은,충청북도,2021,폭염일수,10.0
226,보은,충청북도,2022,폭염일수,5.0
226,보은,충청북도,2023,폭염일수,11.0
226,보은,충청북도,2024,폭염일수,16.0
226,보은,충청북도,2025,폭염일수,17.0
226,보은,충청북도,2026,폭염일수,9.0
226,보은,충청북도,2016,한파일수,10.0
226,보은,충청북도,2017,한파일수,14.0
226,보은,충청북도,2018,한파일수,23.0
226,보은,충청북도,2019,한파일수,5.0
226,보은,충청북도,2020,한파일수,6.0
226,보은,충청북도,2021,한파일수,16.0
226,보은,충청북도,2022,한파일수,19.0
226,보은,충청북도,2023,한파일수,9.0
226,보은,충청북도,2024,한파일수,2.0
226,보은,충청북도,2025,한파일수,4.0
226,보은,충청북도,2026,한파일수,12.0
181,서청주,충청북도,2022,열대야일수,8.0
181,서청주,충청북도,2023,열대야일수,0.0
181,서청주,충청북도,2024,열대야일수,6.0
181,서청주,충청북도,2025,열대야일수,5.0
181,서청주,충청북도,2026,열대야일수,5.0
181,서청주,충청북도,2022,폭염일수,16.0
181,서청주,충청북도,2023,폭염일수,21.0
181,서청주,충청북도,2024,폭염일수,19.0
181,서청주,충청북도,2025,폭염일수,28.0
181,서청주,충청북도,2026,폭염일수,12.0
181,서청주,충청북도,2022,한파일수,12.0
181,서청주,충청북도,2023,한파일수,10.0
181,서청주,충청북도,2024,한파일수,3.0
181,서청주,충청북도,2025,한파일수,6.0
181,서청주,충청북도,2026,한파일수,9.0
221,제천,충청북도,2016,열대야일수,0.0
221,제천,충청북도,2017,열대야일수,1.0
221,제천,충청북도,2018,열대야일수,3.0
221,제천,충청북도,2019,열대야일수,2.0
221,제천,충청북도,2020,열대야일수,1.0
221,제천,충청북도,2021,열대야일수,0.0
221,제천,충청북도,2022,열대야일수,1.0
221,제천,충청북도,2023,열대야일수,0.0
221,제천,충청북도,2024,열대야일수,2.0
221,제천,충청북도,2025,열대야일수,0.0
221,제천,충청북도,2026,열대야일수,0.0
221,제천,충청북도,2016,폭염일수,23.0
221,제천,충청북도,2017,폭염일수,6.0
221,제천,충청북도,2018,폭염일수,32.0
221,제천,충청북도,2019,폭염일수,12.0
221,제천,충청북도,2020,폭염일수,3.0
221,제천,충청북도,2021,폭염일수,14.0
221,제천,충청북도,2022,폭염일수,5.0
221,제천,충청북도,2023,폭염일수,6.0
221,제천,충청북도,2024,폭염일수,14.0
221,제천,충청북도,2025,폭염일수,15.0
221,제천,충청북도,2026,폭염일수,6.0
221,제천,충청북도,2016,한파일수,19.0
221,제천,충청북도,2017,한파일수,25.0
221,제천,충청북도,2018,한파일수,38.0
221,제천,충청북도,2019,한파일수,18.0
221,제천,충청북도,2020,한파일수,10.0
221,제천,충청북도,2021,한파일수,22.0
221,제천,충청북도,2022,한파일수,42.0
221,제천,충청북도,2023,한파일수,17.0
221,제천,충청북도,2024,한파일수,8.0
221,제천,충청북도,2025,한파일수,18.0
221,제천,충청북도,2026,한파일수,20.0
131,청주,충청북도,2016,열대야일수,23.0
131,청주,충청북도,2017,열대야일수,16.0
131,청주,충청북도,2018,열대야일수,36.0
131,청주,충청북도,2019,열대야일수,23.0
131,청주,충청북도,2020,열대야일수,19.0
131,청주,충청북도,2021,열대야일수,18.0
131,청주,충청북도,2022,열대야일수,27.0
131,청주,충청북도,2023,열대야일수,31.0
131,청주,충청북도,2024,열대야일수,52.0
131,청주,충청북도,2025,열대야일수,47.0
131,청주,충청북도,2026,열대야일수,23.0
131,청주,충청북도,2016,폭염일수,31.0
131,청주,충청북도,2017,폭염일수,19.0
131,청주,충청북도,2018,폭염일수,40.0
131,청주,충청북도,2019,폭염일수,22.0
131,청주,충청북도,2020,폭염일수,16.0
131,청주,충청북도,2021,폭염일수,24.0
131,청주,충청북도,2022,폭염일수,24.0
131,청주,충청북도,2023,폭염일수,28.0
131,청주,충청북도,2024,폭염일수,46.0
131,청주,충청북도,2025,폭염일수,48.0
131,청주,충청북도,2026,폭염일수,24.0
131,청주,충청북도,2016,한파일수,4.0
131,청주,충청북도,2017,한파일수,0.0
131,청주,충청북도,2018,한파일수,6.0
131,청주,충청북도,2019,한파일수,0.0
131,청주,충청북도,2020,한파일수,1.0
131,청주,충청북도,2021,한파일수,5.0
131,청주,충청북도,2022,한파일수,1.0
131,청주,충청북도,2023,한파일수,3.0
131,청주,충청북도,2024,한파일수,1.0
131,청주,충청북도,2025,한파일수,1.0
131,청주,충청북도,2026,한파일수,0.0
135,추풍령,충청북도,2016,열대야일수,0.0
135,추풍령,충청북도,2017,열대야일수,1.0
135,추풍령,충청북도,2018,열대야일수,5.0
135,추풍령,충청북도,2019,열대야일수,0.0
135,추풍령,충청북도,2020,열대야일수,0.0
135,추풍령,충청북도,2021,열대야일수,0.0
135,추풍령,충청북도,2022,열대야일수,0.0
135,추풍령,충청북도,2023,열대야일수,1.0
135,추풍령,충청북도,2024,열대야일수,6.0
135,추풍령,충청북도,2025,열대야일수,0.0
135,추풍령,충청북도,2026,열대야일수,2.0
135,추풍령,충청북도,2016,폭염일수,24.0
135,추풍령,충청북도,2017,폭염일수,6.0
135,추풍령,충청북도,2018,폭염일수,30.0
135,추풍령,충청북도,2019,폭염일수,7.0
135,추풍령,충청북도,2020,폭염일수,1.0
135,추풍령,충청북도,2021,폭염일수,5.0
135,추풍령,충청북도,2022,폭염일수,6.0
135,추풍령,충청북도,2023,폭염일수,8.0
135,추풍령,충청북도,2024,폭염일수,20.0
135,추풍령,충청북도,2025,폭염일수,17.0
135,추풍령,충청북도,2026,폭염일수,9.0
135,추풍령,충청북도,2016,한파일수,2.0
135,추풍령,충청북도,2017,한파일수,1.0
135,추풍령,충청북도,2018,한파일수,13.0
135,추풍령,충청북도,2019,한파일수,0.0
135,추풍령,충청북도,2020,한파일수,1.0
135,추풍령,충청북도,2021,한파일수,6.0
135,추풍령,충청북도,2022,한파일수,4.0
135,추풍령,충청북도,2023,한파일수,6.0
135,추풍령,충청북도,2024,한파일수,1.0
135,추풍령,충청북도,2025,한파일수,2.0
135,추풍령,충청북도,2026,한파일수,3.0
127,충주,충청북도,2016,열대야일수,7.0
127,충주,충청북도,2017,열대야일수,7.0
127,충주,충청북도,2018,열대야일수,14.0
127,충주,충청북도,2019,열대야일수,6.0
127,충주,충청북도,2020,열대야일수,3.0
127,충주,충청북도,2021,열대야일수,1.0
127,충주,충청북도,2022,열대야일수,9.0
127,충주,충청북도,2023,열대야일수,5.0
127,충주,충청북도,2024,열대야일수,17.0
127,충주,충청북도,2025,열대야일수,8.0
127,충주,충청북도,2026,열대야일수,13.0
127,충주,충청북도,2016,폭염일수,29.0
127,충주,충청북도,2017,폭염일수,13.0
127,충주,충청북도,2018,폭염일수,38.0
127,충주,충청북도,2019,폭염일수,16.0
127,충주,충청북도,2020,폭염일수,8.0
127,충주,충청북도,2021,폭염일수,18.0
127,충주,충청북도,2022,폭염일수,13.0
127,충주,충청북도,2023,폭염일수,22.0
127,충주,충청북도,2024,폭염일수,34.0
127,충주,충청북도,2025,폭염일수,30.0
127,충주,충청북도,2026,폭염일수,19.0
127,충주,충청북도,2016,한파일수,9.0
127,충주,충청북도,2017,한파일수,14.0
127,충주,충청북도,2018,한파일수,22.0
127,충주,충청북도,2019,한파일수,4.0
127,충주,충청북도,2020,한파일수,9.0
127,충주,충청북도,2021,한파일수,16.0
127,충주,충청북도,2022,한파일수,22.0
127,충주,충청북도,2023,한파일수,10.0
127,충주,충청북도,2024,한파일수,3.0
127,충주,충청북도,2025,한파일수,6.0
127,충주,충청북도,2026,한파일수,15.0
